step,input_rel_l1,output_rel_l1,experiment_id
0,0.0,0.0,subject_consistency/prompt_00
1,0.3973089158535003,0.7465339303016663,subject_consistency/prompt_00
2,0.1038883998990058,0.3085092306137085,subject_consistency/prompt_00
3,0.0794156491756439,0.1904211193323135,subject_consistency/prompt_00
4,0.059883177280426,0.1270166337490081,subject_consistency/prompt_00
5,0.063280202448368,0.1106812059879303,subject_consistency/prompt_00
6,0.0560389421880245,0.1138660237193107,subject_consistency/prompt_00
7,0.0584373213350772,0.0838896855711937,subject_consistency/prompt_00
8,0.0472819134593009,0.0777225047349929,subject_consistency/prompt_00
9,0.0856295078992843,0.1210419386625289,subject_consistency/prompt_00
10,0.0449128448963165,0.0796626955270767,subject_consistency/prompt_00
11,0.050797265022993,0.0524236112833023,subject_consistency/prompt_00
12,0.047868076711893,0.068878449499607,subject_consistency/prompt_00
13,0.0539037175476551,0.0474564991891384,subject_consistency/prompt_00
14,0.0472859144210815,0.0627444684505462,subject_consistency/prompt_00
15,0.0528944581747055,0.0492547005414962,subject_consistency/prompt_00
16,0.0506104119122028,0.0639290809631347,subject_consistency/prompt_00
17,0.0600932762026786,0.0367296822369098,subject_consistency/prompt_00
18,0.0652858540415763,0.0410635881125927,subject_consistency/prompt_00
19,0.0580828748643398,0.0561583340167999,subject_consistency/prompt_00
20,0.0711809322237968,0.04944459348917,subject_consistency/prompt_00
21,0.0671812891960144,0.0419748350977897,subject_consistency/prompt_00
22,0.072274200618267,0.0632077455520629,subject_consistency/prompt_00
23,0.0995402708649635,0.0462118871510028,subject_consistency/prompt_00
24,0.1025526374578476,0.0472448989748954,subject_consistency/prompt_00
25,0.1245614886283874,0.054659079760313,subject_consistency/prompt_00
26,0.1456945389509201,0.0614619366824626,subject_consistency/prompt_00
27,0.1988047510385513,0.0997735857963562,subject_consistency/prompt_00
28,0.2465351223945617,0.1208989173173904,subject_consistency/prompt_00
29,0.3554533421993255,0.2544613182544708,subject_consistency/prompt_00
0,0.0,0.0,subject_consistency/prompt_05
1,0.3934921026229858,0.702073335647583,subject_consistency/prompt_05
2,0.1033642366528511,0.4293165206909179,subject_consistency/prompt_05
3,0.0769475102424621,0.3331344425678253,subject_consistency/prompt_05
4,0.0585405938327312,0.2231234610080719,subject_consistency/prompt_05
5,0.0638413503766059,0.1768156588077545,subject_consistency/prompt_05
6,0.0532519519329071,0.1855286061763763,subject_consistency/prompt_05
7,0.0538869090378284,0.1446972638368606,subject_consistency/prompt_05
8,0.0494831949472427,0.1208620369434356,subject_consistency/prompt_05
9,0.0840791314840316,0.1559233516454696,subject_consistency/prompt_05
10,0.0451859943568706,0.1083574071526527,subject_consistency/prompt_05
11,0.0546570979058742,0.0726231560111045,subject_consistency/prompt_05
12,0.046946745365858,0.0909199714660644,subject_consistency/prompt_05
13,0.0544272810220718,0.0689104199409484,subject_consistency/prompt_05
14,0.0465721487998962,0.0822757333517074,subject_consistency/prompt_05
15,0.0469357818365097,0.0601787939667701,subject_consistency/prompt_05
16,0.0494871251285076,0.0764331147074699,subject_consistency/prompt_05
17,0.0558997318148613,0.0456629954278469,subject_consistency/prompt_05
18,0.0662808492779731,0.0504688434302806,subject_consistency/prompt_05
19,0.0551771149039268,0.0638862401247024,subject_consistency/prompt_05
20,0.066641591489315,0.0548579916357994,subject_consistency/prompt_05
21,0.0688424259424209,0.047861211001873,subject_consistency/prompt_05
22,0.0719107389450073,0.0711818188428878,subject_consistency/prompt_05
23,0.099418319761753,0.0482140071690082,subject_consistency/prompt_05
24,0.107618011534214,0.0488326698541641,subject_consistency/prompt_05
25,0.1239043176174163,0.0528467148542404,subject_consistency/prompt_05
26,0.1469405740499496,0.0556409880518913,subject_consistency/prompt_05
27,0.2060245126485824,0.0940639898180961,subject_consistency/prompt_05
28,0.2530386745929718,0.1151168495416641,subject_consistency/prompt_05
29,0.3809025883674621,0.2464545369148254,subject_consistency/prompt_05
0,0.0,0.0,subject_consistency/prompt_01
1,0.3908134400844574,0.7020200490951538,subject_consistency/prompt_01
2,0.1049713119864463,0.4498701095581054,subject_consistency/prompt_01
3,0.0814475640654563,0.3855683207511902,subject_consistency/prompt_01
4,0.0598778165876865,0.2421698570251464,subject_consistency/prompt_01
5,0.0671279728412628,0.1711345762014389,subject_consistency/prompt_01
6,0.0553906112909317,0.1681442111730575,subject_consistency/prompt_01
7,0.0551834478974342,0.1279291659593582,subject_consistency/prompt_01
8,0.0512708500027656,0.1167567893862724,subject_consistency/prompt_01
9,0.0859764069318771,0.1520575433969497,subject_consistency/prompt_01
10,0.0458797849714756,0.1110998913645744,subject_consistency/prompt_01
11,0.0549785271286964,0.0780429244041442,subject_consistency/prompt_01
12,0.0468123368918895,0.0958773121237754,subject_consistency/prompt_01
13,0.0551503971219062,0.0773570612072944,subject_consistency/prompt_01
14,0.0470635369420051,0.0884695649147033,subject_consistency/prompt_01
15,0.0475961193442344,0.0668590068817138,subject_consistency/prompt_01
16,0.0491222478449344,0.0820440500974655,subject_consistency/prompt_01
17,0.0540721230208873,0.0528354085981845,subject_consistency/prompt_01
18,0.0680349394679069,0.0558745041489601,subject_consistency/prompt_01
19,0.0552062205970287,0.0684703215956687,subject_consistency/prompt_01
20,0.0666142478585243,0.0631802380084991,subject_consistency/prompt_01
21,0.0681635588407516,0.051249410957098,subject_consistency/prompt_01
22,0.0726399049162864,0.0745287239551544,subject_consistency/prompt_01
23,0.0970544442534446,0.0514650456607341,subject_consistency/prompt_01
24,0.1057116612792015,0.053004752844572,subject_consistency/prompt_01
25,0.1220334395766258,0.05511961504817,subject_consistency/prompt_01
26,0.145397275686264,0.0595425404608249,subject_consistency/prompt_01
27,0.2036188840866089,0.1004129275679588,subject_consistency/prompt_01
28,0.2534990310668945,0.116669937968254,subject_consistency/prompt_01
29,0.3755762875080108,0.2521184980869293,subject_consistency/prompt_01
0,0.0,0.0,subject_consistency/prompt_09
1,0.3944437205791473,0.6755053400993347,subject_consistency/prompt_09
2,0.1063767522573471,0.4215773940086365,subject_consistency/prompt_09
3,0.0779597833752632,0.3160087764263153,subject_consistency/prompt_09
4,0.0582260973751544,0.2416610419750213,subject_consistency/prompt_09
5,0.0651590228080749,0.2070479691028595,subject_consistency/prompt_09
6,0.0537054762244224,0.2030993998050689,subject_consistency/prompt_09
7,0.0538914203643798,0.1607203185558319,subject_consistency/prompt_09
8,0.0502759590744972,0.1314270049333572,subject_consistency/prompt_09
9,0.0842982456088066,0.162194475531578,subject_consistency/prompt_09
10,0.0450326800346374,0.1196575760841369,subject_consistency/prompt_09
11,0.0541386567056179,0.0881601721048355,subject_consistency/prompt_09
12,0.0470014922320842,0.1019430011510849,subject_consistency/prompt_09
13,0.0529650710523128,0.0775619745254516,subject_consistency/prompt_09
14,0.0464663468301296,0.0894091203808784,subject_consistency/prompt_09
15,0.0476656965911388,0.0734429433941841,subject_consistency/prompt_09
16,0.048182975500822,0.0831288695335388,subject_consistency/prompt_09
17,0.0549550391733646,0.0596047453582286,subject_consistency/prompt_09
18,0.0635405033826828,0.058694802224636,subject_consistency/prompt_09
19,0.0538090765476226,0.0717071667313575,subject_consistency/prompt_09
20,0.0642390325665474,0.0626993402838707,subject_consistency/prompt_09
21,0.0666083469986915,0.0620966516435146,subject_consistency/prompt_09
22,0.0696130543947219,0.0766996592283248,subject_consistency/prompt_09
23,0.0946520939469337,0.0577115826308727,subject_consistency/prompt_09
24,0.1033785343170166,0.0558687858283519,subject_consistency/prompt_09
25,0.1192348152399063,0.0606004707515239,subject_consistency/prompt_09
26,0.1416733264923095,0.0653738677501678,subject_consistency/prompt_09
27,0.200414553284645,0.1029897928237915,subject_consistency/prompt_09
28,0.2501872479915619,0.122486762702465,subject_consistency/prompt_09
29,0.373309850692749,0.2561554908752441,subject_consistency/prompt_09
0,0.0,0.0,subject_consistency/prompt_02
1,0.3885494768619537,0.614291787147522,subject_consistency/prompt_02
2,0.1068404540419578,0.3986750841140747,subject_consistency/prompt_02
3,0.0794903263449668,0.274148166179657,subject_consistency/prompt_02
4,0.0576904341578483,0.203436478972435,subject_consistency/prompt_02
5,0.0699511617422103,0.1670966446399688,subject_consistency/prompt_02
6,0.054192915558815,0.182530865073204,subject_consistency/prompt_02
7,0.0548982918262481,0.1389451324939727,subject_consistency/prompt_02
8,0.0470925085246562,0.1293004900217056,subject_consistency/prompt_02
9,0.0848478749394416,0.164609670639038,subject_consistency/prompt_02
10,0.0453584715723991,0.1249844580888748,subject_consistency/prompt_02
11,0.0544088035821914,0.0922835692763328,subject_consistency/prompt_02
12,0.0456115379929542,0.1038706004619598,subject_consistency/prompt_02
13,0.04966551810503,0.0838792324066162,subject_consistency/prompt_02
14,0.0454598367214202,0.0922285094857215,subject_consistency/prompt_02
15,0.044022224843502,0.0714218094944953,subject_consistency/prompt_02
16,0.050375759601593,0.0871149152517318,subject_consistency/prompt_02
17,0.0567668303847312,0.059467677026987,subject_consistency/prompt_02
18,0.0610300786793231,0.0596067830920219,subject_consistency/prompt_02
19,0.0543578304350376,0.0732662975788116,subject_consistency/prompt_02
20,0.0620567984879016,0.0666077360510826,subject_consistency/prompt_02
21,0.0689033716917038,0.058944959193468,subject_consistency/prompt_02
22,0.0727444812655448,0.0777690187096595,subject_consistency/prompt_02
23,0.0953415483236312,0.0536110140383243,subject_consistency/prompt_02
24,0.1044486612081527,0.0555806718766689,subject_consistency/prompt_02
25,0.119857408106327,0.0566341578960418,subject_consistency/prompt_02
26,0.1445330679416656,0.061056762933731,subject_consistency/prompt_02
27,0.2025867402553558,0.0991156175732612,subject_consistency/prompt_02
28,0.2531061768531799,0.116726778447628,subject_consistency/prompt_02
29,0.3750952482223511,0.2519156634807586,subject_consistency/prompt_02
0,0.0,0.0,subject_consistency/prompt_08
1,0.3830261826515198,0.6671319007873535,subject_consistency/prompt_08
2,0.1075438633561134,0.3410648703575134,subject_consistency/prompt_08
3,0.0785952135920524,0.2179569900035858,subject_consistency/prompt_08
4,0.0565812438726425,0.1464269906282425,subject_consistency/prompt_08
5,0.0738985687494278,0.0972969233989715,subject_consistency/prompt_08
6,0.0538048148155212,0.1087490171194076,subject_consistency/prompt_08
7,0.0543490014970302,0.0747479200363159,subject_consistency/prompt_08
8,0.0470373407006263,0.070572979748249,subject_consistency/prompt_08
9,0.0848331302404403,0.1143982484936714,subject_consistency/prompt_08
10,0.0464582219719886,0.0757022723555564,subject_consistency/prompt_08
11,0.0604294501245021,0.048801340162754,subject_consistency/prompt_08
12,0.0472777485847473,0.0668479427695274,subject_consistency/prompt_08
13,0.0481743067502975,0.0440210774540901,subject_consistency/prompt_08
14,0.0456022433936595,0.0603053160011768,subject_consistency/prompt_08
15,0.0471364073455333,0.0496865548193454,subject_consistency/prompt_08
16,0.0507620573043823,0.0604839883744716,subject_consistency/prompt_08
17,0.0564010851085186,0.0382705181837081,subject_consistency/prompt_08
18,0.0605554394423961,0.0411278419196605,subject_consistency/prompt_08
19,0.0548025667667388,0.0526506043970584,subject_consistency/prompt_08
20,0.0616570115089416,0.0496470928192138,subject_consistency/prompt_08
21,0.0736143663525581,0.0443200021982193,subject_consistency/prompt_08
22,0.0745086297392845,0.0685712471604347,subject_consistency/prompt_08
23,0.0942081809043884,0.0464339070022106,subject_consistency/prompt_08
24,0.1107176467776298,0.0529157780110836,subject_consistency/prompt_08
25,0.1222266852855682,0.05604899674654,subject_consistency/prompt_08
26,0.1465515196323394,0.0616528242826461,subject_consistency/prompt_08
27,0.1975366324186325,0.1013112738728523,subject_consistency/prompt_08
28,0.2419694662094116,0.128279834985733,subject_consistency/prompt_08
29,0.3506653308868408,0.2510079443454742,subject_consistency/prompt_08
0,0.0,0.0,subject_consistency/prompt_04
1,0.3855355978012085,0.706755518913269,subject_consistency/prompt_04
2,0.1061446517705917,0.4128676056861877,subject_consistency/prompt_04
3,0.0782933980226516,0.220667228102684,subject_consistency/prompt_04
4,0.0589305572211742,0.1437180489301681,subject_consistency/prompt_04
5,0.0695197209715843,0.1016636714339256,subject_consistency/prompt_04
6,0.0540206953883171,0.1125430092215538,subject_consistency/prompt_04
7,0.0575885325670242,0.0776581391692161,subject_consistency/prompt_04
8,0.0468386225402355,0.0713312849402427,subject_consistency/prompt_04
9,0.0851851403713226,0.1150038316845893,subject_consistency/prompt_04
10,0.0448582023382186,0.0759346336126327,subject_consistency/prompt_04
11,0.0611246041953563,0.0489175245165824,subject_consistency/prompt_04
12,0.0479053445160388,0.0676669403910636,subject_consistency/prompt_04
13,0.0530274324119091,0.0489474274218082,subject_consistency/prompt_04
14,0.0469703339040279,0.0652808770537376,subject_consistency/prompt_04
15,0.0477163754403591,0.0552860535681247,subject_consistency/prompt_04
16,0.0490505769848823,0.0607572644948959,subject_consistency/prompt_04
17,0.0530989468097686,0.0415944010019302,subject_consistency/prompt_04
18,0.0644761323928833,0.0407707430422306,subject_consistency/prompt_04
19,0.0543983094394207,0.0557379014790058,subject_consistency/prompt_04
20,0.0601386427879333,0.0495035350322723,subject_consistency/prompt_04
21,0.0734560713171958,0.047282125800848,subject_consistency/prompt_04
22,0.0752705857157707,0.0702730268239975,subject_consistency/prompt_04
23,0.0973508805036544,0.045533575117588,subject_consistency/prompt_04
24,0.1057541146874427,0.0472527593374252,subject_consistency/prompt_04
25,0.1174042597413063,0.0491014309227466,subject_consistency/prompt_04
26,0.1421983987092971,0.0556631870567798,subject_consistency/prompt_04
27,0.195002481341362,0.0949154198169708,subject_consistency/prompt_04
28,0.2418219298124313,0.1162500455975532,subject_consistency/prompt_04
29,0.3540781736373901,0.2509192824363708,subject_consistency/prompt_04
0,0.0,0.0,subject_consistency/prompt_07
1,0.3963991105556488,0.6403736472129822,subject_consistency/prompt_07
2,0.1053552329540252,0.4041024148464203,subject_consistency/prompt_07
3,0.0792313888669014,0.3293208479881286,subject_consistency/prompt_07
4,0.0599506683647632,0.2331055104732513,subject_consistency/prompt_07
5,0.0620350986719131,0.1726172119379043,subject_consistency/prompt_07
6,0.0560646839439868,0.1728618294000625,subject_consistency/prompt_07
7,0.0578178949654102,0.1173965409398078,subject_consistency/prompt_07
8,0.0465194508433342,0.1037297025322914,subject_consistency/prompt_07
9,0.08440862596035,0.1412142515182495,subject_consistency/prompt_07
10,0.0453571379184722,0.0993924662470817,subject_consistency/prompt_07
11,0.0500088892877101,0.0669077560305595,subject_consistency/prompt_07
12,0.0469161383807659,0.0827901512384414,subject_consistency/prompt_07
13,0.0522642098367214,0.0603956580162048,subject_consistency/prompt_07
14,0.0468167960643768,0.0737521350383758,subject_consistency/prompt_07
15,0.0500351712107658,0.0525311306118965,subject_consistency/prompt_07
16,0.0499574020504951,0.0742810145020484,subject_consistency/prompt_07
17,0.0586138889193534,0.0437854975461959,subject_consistency/prompt_07
18,0.0627200528979301,0.0456119030714035,subject_consistency/prompt_07
19,0.054427970200777,0.0639053136110305,subject_consistency/prompt_07
20,0.0664218515157699,0.0507394932210445,subject_consistency/prompt_07
21,0.0642131045460701,0.0494744256138801,subject_consistency/prompt_07
22,0.0675504878163337,0.0633850246667862,subject_consistency/prompt_07
23,0.0894146859645843,0.0476393513381481,subject_consistency/prompt_07
24,0.0957599058747291,0.048516895622015,subject_consistency/prompt_07
25,0.1188239902257919,0.0567805618047714,subject_consistency/prompt_07
26,0.1391818970441818,0.0607919096946716,subject_consistency/prompt_07
27,0.1990871578454971,0.1008097231388092,subject_consistency/prompt_07
28,0.2526542842388153,0.1215021088719368,subject_consistency/prompt_07
29,0.3836715519428253,0.26164510846138,subject_consistency/prompt_07
0,0.0,0.0,subject_consistency/prompt_03
1,0.3993039727210998,0.7209122180938721,subject_consistency/prompt_03
2,0.1052860021591186,0.4229521751403808,subject_consistency/prompt_03
3,0.0796877071261406,0.3412629961967468,subject_consistency/prompt_03
4,0.0606073141098022,0.1950675994157791,subject_consistency/prompt_03
5,0.0628893375396728,0.142896220088005,subject_consistency/prompt_03
6,0.0567108914256095,0.1310892701148986,subject_consistency/prompt_03
7,0.0549343936145305,0.0932462736964225,subject_consistency/prompt_03
8,0.0511480160057544,0.0820334106683731,subject_consistency/prompt_03
9,0.0853310897946357,0.1230411008000373,subject_consistency/prompt_03
10,0.0454100258648395,0.0844198614358902,subject_consistency/prompt_03
11,0.0514031164348125,0.0557097345590591,subject_consistency/prompt_03
12,0.0472302623093128,0.0716885179281234,subject_consistency/prompt_03
13,0.0547110810875892,0.0543431900441646,subject_consistency/prompt_03
14,0.0469419509172439,0.0678058341145515,subject_consistency/prompt_03
15,0.0520268268883228,0.0478738322854042,subject_consistency/prompt_03
16,0.0505533441901207,0.067377395927906,subject_consistency/prompt_03
17,0.0613565519452095,0.0375642292201519,subject_consistency/prompt_03
18,0.0649863183498382,0.0432058349251747,subject_consistency/prompt_03
19,0.0571812689304351,0.0634808912873268,subject_consistency/prompt_03
20,0.0720150023698806,0.0487307645380497,subject_consistency/prompt_03
21,0.0653828531503677,0.0396494753658771,subject_consistency/prompt_03
22,0.0722631588578224,0.0595259666442871,subject_consistency/prompt_03
23,0.0922989919781684,0.0378580726683139,subject_consistency/prompt_03
24,0.1027237996459007,0.0437111891806125,subject_consistency/prompt_03
25,0.1265538930892944,0.0482757501304149,subject_consistency/prompt_03
26,0.1474297195672989,0.0544740855693817,subject_consistency/prompt_03
27,0.2075602263212204,0.0912664681673049,subject_consistency/prompt_03
28,0.2552741169929504,0.1120397448539733,subject_consistency/prompt_03
29,0.3790804445743561,0.2444702982902526,subject_consistency/prompt_03
0,0.0,0.0,subject_consistency/prompt_06
1,0.3962702453136444,0.7205055952072144,subject_consistency/prompt_06
2,0.1044491231441497,0.4845316708087921,subject_consistency/prompt_06
3,0.0788694098591804,0.2917193472385406,subject_consistency/prompt_06
4,0.0575699470937252,0.1914626806974411,subject_consistency/prompt_06
5,0.0657988861203193,0.1452441066503524,subject_consistency/prompt_06
6,0.0564151220023632,0.1403243392705917,subject_consistency/prompt_06
7,0.0543927252292633,0.1063897311687469,subject_consistency/prompt_06
8,0.0468645244836807,0.0927894935011863,subject_consistency/prompt_06
9,0.0801247879862785,0.1313278973102569,subject_consistency/prompt_06
10,0.0469809100031852,0.0979813560843467,subject_consistency/prompt_06
11,0.0512104071676731,0.0668203383684158,subject_consistency/prompt_06
12,0.0466341786086559,0.085252970457077,subject_consistency/prompt_06
13,0.0500477813184261,0.0628129690885543,subject_consistency/prompt_06
14,0.0448798574507236,0.0759031176567077,subject_consistency/prompt_06
15,0.0513430647552013,0.0552197732031345,subject_consistency/prompt_06
16,0.050292108207941,0.0757509171962738,subject_consistency/prompt_06
17,0.0583718419075012,0.0437542535364627,subject_consistency/prompt_06
18,0.0643065720796585,0.0481916107237339,subject_consistency/prompt_06
19,0.055855207145214,0.0630951076745987,subject_consistency/prompt_06
20,0.0695587545633316,0.0522393770515918,subject_consistency/prompt_06
21,0.0661889165639877,0.0470610819756984,subject_consistency/prompt_06
22,0.0698509737849235,0.0645786672830581,subject_consistency/prompt_06
23,0.0948917940258979,0.0436881072819232,subject_consistency/prompt_06
24,0.1042371243238449,0.0484120063483715,subject_consistency/prompt_06
25,0.1239119246602058,0.0507468394935131,subject_consistency/prompt_06
26,0.1459476947784423,0.0573760494589805,subject_consistency/prompt_06
27,0.2074715346097946,0.0965701565146446,subject_consistency/prompt_06
28,0.2550847232341766,0.1147166490554809,subject_consistency/prompt_06
29,0.3795827329158783,0.2504670917987823,subject_consistency/prompt_06
0,0.0,0.0,human_action/prompt_00
1,0.3964734077453613,0.7210453748703003,human_action/prompt_00
2,0.1038341373205185,0.5152305960655212,human_action/prompt_00
3,0.079596608877182,0.3367200493812561,human_action/prompt_00
4,0.0573157146573066,0.2086595892906189,human_action/prompt_00
5,0.0658205673098564,0.1535911113023758,human_action/prompt_00
6,0.0561664439737796,0.1487787812948227,human_action/prompt_00
7,0.055066991597414,0.1182812675833702,human_action/prompt_00
8,0.0468250326812267,0.1102096587419509,human_action/prompt_00
9,0.0806493461132049,0.1442676782608032,human_action/prompt_00
10,0.0467513129115104,0.1084736958146095,human_action/prompt_00
11,0.0508976764976978,0.0769509300589561,human_action/prompt_00
12,0.0467224083840847,0.0913648754358291,human_action/prompt_00
13,0.049228761345148,0.0712032169103622,human_action/prompt_00
14,0.0456680096685886,0.0821160450577735,human_action/prompt_00
15,0.0516954585909843,0.0647035017609596,human_action/prompt_00
16,0.0503297001123428,0.0795514434576034,human_action/prompt_00
17,0.0575001500546932,0.054741483181715,human_action/prompt_00
18,0.0638056769967079,0.0555820763111114,human_action/prompt_00
19,0.0563598535954952,0.0668780878186225,human_action/prompt_00
20,0.0679848566651344,0.0554269887506961,human_action/prompt_00
21,0.067598283290863,0.0528341643512249,human_action/prompt_00
22,0.0696553364396095,0.0674089938402175,human_action/prompt_00
23,0.0946060195565223,0.0499481633305549,human_action/prompt_00
24,0.1034518703818321,0.0557614974677562,human_action/prompt_00
25,0.1232163235545158,0.0566002652049064,human_action/prompt_00
26,0.1438449621200561,0.0602038577198982,human_action/prompt_00
27,0.2040542215108871,0.0974174737930297,human_action/prompt_00
28,0.2517816424369812,0.1162978410720825,human_action/prompt_00
29,0.3740086853504181,0.2497785091400146,human_action/prompt_00
0,0.0,0.0,human_action/prompt_05
1,0.3950444459915161,0.6818106174468994,human_action/prompt_05
2,0.1051704883575439,0.3486192524433136,human_action/prompt_05
3,0.0811119601130485,0.2762061953544616,human_action/prompt_05
4,0.0571144558489322,0.2074403762817382,human_action/prompt_05
5,0.0668603628873825,0.1691346168518066,human_action/prompt_05
6,0.057295061647892,0.1789316982030868,human_action/prompt_05
7,0.0517574995756149,0.1478361040353775,human_action/prompt_05
8,0.0502396784722805,0.1325595676898956,human_action/prompt_05
9,0.0855824202299118,0.1664391010999679,human_action/prompt_05
10,0.0462315306067466,0.1226091533899307,human_action/prompt_05
11,0.0508584640920162,0.093984805047512,human_action/prompt_05
12,0.0452909395098686,0.1032034382224083,human_action/prompt_05
13,0.0495489239692688,0.0839437097311019,human_action/prompt_05
14,0.0448490045964717,0.094488225877285,human_action/prompt_05
15,0.0467451885342597,0.071088820695877,human_action/prompt_05
16,0.0500986948609352,0.0887907594442367,human_action/prompt_05
17,0.0598054677248001,0.0570676438510417,human_action/prompt_05
18,0.063980609178543,0.0586362928152084,human_action/prompt_05
19,0.054783321917057,0.0745911821722984,human_action/prompt_05
20,0.066764011979103,0.0591576546430587,human_action/prompt_05
21,0.0663273558020591,0.0558882765471935,human_action/prompt_05
22,0.0690131708979606,0.0735246837139129,human_action/prompt_05
23,0.0974502265453338,0.0528997741639614,human_action/prompt_05
24,0.0989332646131515,0.055545873939991,human_action/prompt_05
25,0.1230688765645027,0.056737944483757,human_action/prompt_05
26,0.144792303442955,0.0606838651001453,human_action/prompt_05
27,0.2060317546129226,0.098454937338829,human_action/prompt_05
28,0.2568121552467346,0.1140081137418747,human_action/prompt_05
29,0.3817320466041565,0.2500500082969665,human_action/prompt_05
0,0.0,0.0,human_action/prompt_01
1,0.3939209878444671,0.6626273393630981,human_action/prompt_01
2,0.1038667559623718,0.4088968336582184,human_action/prompt_01
3,0.0794277116656303,0.3371598720550537,human_action/prompt_01
4,0.0594781041145324,0.2532401084899902,human_action/prompt_01
5,0.0627418383955955,0.1465176492929458,human_action/prompt_01
6,0.0566642545163631,0.1464292705059051,human_action/prompt_01
7,0.0582993403077125,0.1196950301527977,human_action/prompt_01
8,0.0463874675333499,0.1057810857892036,human_action/prompt_01
9,0.0856683626770973,0.1488417387008667,human_action/prompt_01
10,0.0449744015932083,0.1076004803180694,human_action/prompt_01
11,0.0502123907208442,0.0825229957699775,human_action/prompt_01
12,0.0458591096103191,0.0939133912324905,human_action/prompt_01
13,0.0547384470701217,0.0769169554114341,human_action/prompt_01
14,0.0461498647928237,0.0899494588375091,human_action/prompt_01
15,0.0497678071260452,0.0649783387780189,human_action/prompt_01
16,0.052106037735939,0.0901051610708236,human_action/prompt_01
17,0.058281660079956,0.0554752312600612,human_action/prompt_01
18,0.0635197684168815,0.0632235780358314,human_action/prompt_01
19,0.0561580248177051,0.0766699463129043,human_action/prompt_01
20,0.0666715800762176,0.0626990497112274,human_action/prompt_01
21,0.0651788562536239,0.0604598484933376,human_action/prompt_01
22,0.0694422721862793,0.0780430063605308,human_action/prompt_01
23,0.0950173884630203,0.0573381707072258,human_action/prompt_01
24,0.0979328379034996,0.059052750468254,human_action/prompt_01
25,0.1204787343740463,0.0610141605138778,human_action/prompt_01
26,0.1408166140317917,0.0641605406999588,human_action/prompt_01
27,0.2005723118782043,0.1026298552751541,human_action/prompt_01
28,0.2523708045482635,0.1188695281744003,human_action/prompt_01
29,0.3758333325386047,0.2528032660484314,human_action/prompt_01
0,0.0,0.0,human_action/prompt_09
1,0.4007824063301086,0.653511106967926,human_action/prompt_09
2,0.1035646349191665,0.3864598572254181,human_action/prompt_09
3,0.0785995870828628,0.2568888366222381,human_action/prompt_09
4,0.05586963519454,0.1888328641653061,human_action/prompt_09
5,0.0657703205943107,0.1572287082672119,human_action/prompt_09
6,0.0558176189661026,0.1592059433460235,human_action/prompt_09
7,0.0544209703803062,0.1394317299127578,human_action/prompt_09
8,0.0455251410603523,0.1312364190816879,human_action/prompt_09
9,0.08034298568964,0.1707488596439361,human_action/prompt_09
10,0.0458712391555309,0.1345779150724411,human_action/prompt_09
11,0.0494744852185249,0.1001224294304847,human_action/prompt_09
12,0.0439370237290859,0.10872133821249,human_action/prompt_09
13,0.0509573444724082,0.09544488042593,human_action/prompt_09
14,0.0456058010458946,0.0988913252949714,human_action/prompt_09
15,0.0493918284773826,0.0731400549411773,human_action/prompt_09
16,0.0522148422896862,0.0966676995158195,human_action/prompt_09
17,0.0569134950637817,0.0628553852438926,human_action/prompt_09
18,0.0645846873521804,0.0660322159528732,human_action/prompt_09
19,0.0550971515476703,0.0771939978003501,human_action/prompt_09
20,0.0682357922196388,0.0660317316651344,human_action/prompt_09
21,0.0644522607326507,0.0594347938895225,human_action/prompt_09
22,0.070507563650608,0.0732943266630172,human_action/prompt_09
23,0.0885031372308731,0.0539451390504837,human_action/prompt_09
24,0.1019973084330558,0.0583389997482299,human_action/prompt_09
25,0.1211036667227745,0.0594190657138824,human_action/prompt_09
26,0.1423797756433487,0.0639009848237037,human_action/prompt_09
27,0.2025018781423568,0.1019131615757942,human_action/prompt_09
28,0.2509164214134216,0.1190115064382553,human_action/prompt_09
29,0.3684050738811493,0.2526226043701172,human_action/prompt_09
0,0.0,0.0,human_action/prompt_02
1,0.3933742940425873,0.7194269895553589,human_action/prompt_02
2,0.1072695776820182,0.4697858691215515,human_action/prompt_02
3,0.078989140689373,0.2721602916717529,human_action/prompt_02
4,0.0585781708359718,0.186353713274002,human_action/prompt_02
5,0.0656014904379844,0.1457542479038238,human_action/prompt_02
6,0.0541912764310836,0.1448340415954589,human_action/prompt_02
7,0.0544156581163406,0.112813614308834,human_action/prompt_02
8,0.0505721755325794,0.1078199595212936,human_action/prompt_02
9,0.0882739648222923,0.1494244486093521,human_action/prompt_02
10,0.0456533208489418,0.1088732108473777,human_action/prompt_02
11,0.0533148124814033,0.0740652978420257,human_action/prompt_02
12,0.0468552224338054,0.0911488905549049,human_action/prompt_02
13,0.0533760339021682,0.0708208903670311,human_action/prompt_02
14,0.0475096218287944,0.084457516670227,human_action/prompt_02
15,0.0445535704493522,0.0641684830188751,human_action/prompt_02
16,0.0490493066608905,0.079983077943325,human_action/prompt_02
17,0.0587095767259597,0.0507960356771945,human_action/prompt_02
18,0.0615411400794982,0.0544086098670959,human_action/prompt_02
19,0.0520768649876117,0.0665232613682746,human_action/prompt_02
20,0.0649295300245285,0.0599288083612918,human_action/prompt_02
21,0.0674649029970169,0.0503561645746231,human_action/prompt_02
22,0.0702049508690834,0.0676094517111778,human_action/prompt_02
23,0.0875478237867355,0.0466026440262794,human_action/prompt_02
24,0.1066059470176696,0.0543533712625503,human_action/prompt_02
25,0.1210606023669242,0.0543169677257537,human_action/prompt_02
26,0.1460893750190735,0.0612871870398521,human_action/prompt_02
27,0.2031871825456619,0.0994777679443359,human_action/prompt_02
28,0.2532877027988434,0.1188323497772216,human_action/prompt_02
29,0.3737993538379669,0.252034842967987,human_action/prompt_02
0,0.0,0.0,human_action/prompt_08
1,0.3853522539138794,0.7147191166877747,human_action/prompt_08
2,0.1059456169605255,0.4163575768470764,human_action/prompt_08
3,0.0785469189286232,0.3323709964752197,human_action/prompt_08
4,0.0564661361277103,0.2668243944644928,human_action/prompt_08
5,0.0729700401425361,0.2287591397762298,human_action/prompt_08
6,0.0544576421380043,0.2349955439567566,human_action/prompt_08
7,0.0506840236485004,0.1809156835079193,human_action/prompt_08
8,0.0506458505988121,0.1468141973018646,human_action/prompt_08
9,0.0850223451852798,0.1742886006832122,human_action/prompt_08
10,0.045512456446886,0.1243809387087822,human_action/prompt_08
11,0.0602343901991844,0.086186408996582,human_action/prompt_08
12,0.0453570000827312,0.093130923807621,human_action/prompt_08
13,0.0496668852865695,0.0692113935947418,human_action/prompt_08
14,0.0454738736152648,0.081270232796669,human_action/prompt_08
15,0.0448016077280044,0.0645039230585098,human_action/prompt_08
16,0.0491612181067466,0.0727197527885437,human_action/prompt_08
17,0.0514297187328338,0.0499129630625247,human_action/prompt_08
18,0.064118817448616,0.051237616688013,human_action/prompt_08
19,0.0522222742438316,0.0614195093512535,human_action/prompt_08
20,0.0590622499585151,0.0543687529861927,human_action/prompt_08
21,0.0702174603939056,0.0486449338495731,human_action/prompt_08
22,0.0725092366337776,0.0790045335888862,human_action/prompt_08
23,0.0938514918088913,0.0515108816325664,human_action/prompt_08
24,0.1041725054383277,0.0516296178102493,human_action/prompt_08
25,0.1141990050673484,0.0555047020316123,human_action/prompt_08
26,0.140040636062622,0.0563261173665523,human_action/prompt_08
27,0.1969285458326339,0.0964449718594551,human_action/prompt_08
28,0.2469688504934311,0.1088835075497627,human_action/prompt_08
29,0.3754477202892303,0.2363451570272445,human_action/prompt_08
0,0.0,0.0,human_action/prompt_04
1,0.3942336440086365,0.6663768887519836,human_action/prompt_04
2,0.1044327318668365,0.3749114871025085,human_action/prompt_04
3,0.0812312737107276,0.231355145573616,human_action/prompt_04
4,0.0569859370589256,0.1956633031368255,human_action/prompt_04
5,0.0668909549713134,0.1545285880565643,human_action/prompt_04
6,0.0573974475264549,0.1608886867761612,human_action/prompt_04
7,0.0543698593974113,0.1192403733730316,human_action/prompt_04
8,0.0469723604619503,0.1099545210599899,human_action/prompt_04
9,0.0805307701230049,0.1519542187452316,human_action/prompt_04
10,0.0469609871506691,0.1145532578229904,human_action/prompt_04
11,0.0507698133587837,0.0847053080797195,human_action/prompt_04
12,0.0453836843371391,0.0934532806277275,human_action/prompt_04
13,0.049142550677061,0.0753477066755294,human_action/prompt_04
14,0.0450851172208786,0.0865160450339317,human_action/prompt_04
15,0.0516720451414585,0.0678915902972221,human_action/prompt_04
16,0.049525462090969,0.0847487598657608,human_action/prompt_04
17,0.0566272437572479,0.0574274845421314,human_action/prompt_04
18,0.0627984851598739,0.0571409277617931,human_action/prompt_04
19,0.0559385493397712,0.0756115540862083,human_action/prompt_04
20,0.0666181147098541,0.0618851296603679,human_action/prompt_04
21,0.0642058402299881,0.0569301508367061,human_action/prompt_04
22,0.069315530359745,0.0742931365966796,human_action/prompt_04
23,0.092079721391201,0.0514237061142921,human_action/prompt_04
24,0.1007756367325782,0.0583595894277095,human_action/prompt_04
25,0.1199439391493797,0.0585473850369453,human_action/prompt_04
26,0.1435924917459488,0.0638895407319068,human_action/prompt_04
27,0.2040654271841049,0.0989336594939231,human_action/prompt_04
28,0.2540243268013,0.1201633960008621,human_action/prompt_04
29,0.3769065141677856,0.2482502311468124,human_action/prompt_04
0,0.0,0.0,human_action/prompt_07
1,0.3911450505256653,0.6918850541114807,human_action/prompt_07
2,0.1080903261899948,0.4424481987953186,human_action/prompt_07
3,0.0803362280130386,0.3032107949256897,human_action/prompt_07
4,0.0578261688351631,0.2199165821075439,human_action/prompt_07
5,0.0701159164309501,0.1439498960971832,human_action/prompt_07
6,0.0550124831497669,0.1547099649906158,human_action/prompt_07
7,0.0551526099443435,0.1175078824162483,human_action/prompt_07
8,0.0468489825725555,0.0998468473553657,human_action/prompt_07
9,0.0859694182872772,0.1391614377498626,human_action/prompt_07
10,0.045261263847351,0.0971376597881317,human_action/prompt_07
11,0.0555310361087322,0.0669481381773948,human_action/prompt_07
12,0.046212051063776,0.0819378271698951,human_action/prompt_07
13,0.0503951907157897,0.0629073157906532,human_action/prompt_07
14,0.0459539592266082,0.0755650848150253,human_action/prompt_07
15,0.0455822311341762,0.0555762648582458,human_action/prompt_07
16,0.0495824702084064,0.0745461955666542,human_action/prompt_07
17,0.0593594573438167,0.0470160320401191,human_action/prompt_07
18,0.0619852431118488,0.0461275614798069,human_action/prompt_07
19,0.0563884191215038,0.0627538710832595,human_action/prompt_07
20,0.0631902739405632,0.0514035858213901,human_action/prompt_07
21,0.0696466490626335,0.0457592904567718,human_action/prompt_07
22,0.0731095075607299,0.0684351325035095,human_action/prompt_07
23,0.0979044139385223,0.0443342067301273,human_action/prompt_07
24,0.1072146221995353,0.0481517724692821,human_action/prompt_07
25,0.1239001154899597,0.0487054511904716,human_action/prompt_07
26,0.1488489657640457,0.0552777014672756,human_action/prompt_07
27,0.2055198550224304,0.0924500003457069,human_action/prompt_07
28,0.2526448369026184,0.1100234538316726,human_action/prompt_07
29,0.3734628856182098,0.2469213455915451,human_action/prompt_07
0,0.0,0.0,human_action/prompt_03
1,0.3942524790763855,0.6832761168479919,human_action/prompt_03
2,0.1036348789930343,0.4527889490127563,human_action/prompt_03
3,0.0792089998722076,0.4057277143001556,human_action/prompt_03
4,0.0609302148222923,0.2678827047348022,human_action/prompt_03
5,0.0627756938338279,0.1568987965583801,human_action/prompt_03
6,0.0572380162775516,0.1400902569293975,human_action/prompt_03
7,0.0545853488147258,0.1039471253752708,human_action/prompt_03
8,0.0513138361275196,0.0920419618487358,human_action/prompt_03
9,0.0904742181301117,0.1346678286790847,human_action/prompt_03
10,0.0457608364522457,0.0920965373516082,human_action/prompt_03
11,0.051867414265871,0.0643698051571846,human_action/prompt_03
12,0.0479571372270584,0.0806279331445694,human_action/prompt_03
13,0.0543566532433033,0.061316043138504,human_action/prompt_03
14,0.0468345545232296,0.0742014497518539,human_action/prompt_03
15,0.047737430781126,0.052800465375185,human_action/prompt_03
16,0.050026174634695,0.0742987245321273,human_action/prompt_03
17,0.0639700293540954,0.0459940023720264,human_action/prompt_03
18,0.0645570456981659,0.0452076122164726,human_action/prompt_03
19,0.0572300814092159,0.0632577240467071,human_action/prompt_03
20,0.068344697356224,0.0515775680541992,human_action/prompt_03
21,0.0666552484035492,0.0481668077409267,human_action/prompt_03
22,0.071505919098854,0.0673014968633651,human_action/prompt_03
23,0.0949251353740692,0.0465884581208229,human_action/prompt_03
24,0.1046262830495834,0.0524140484631061,human_action/prompt_03
25,0.1243931725621223,0.0541177541017532,human_action/prompt_03
26,0.1460152715444564,0.0617094598710536,human_action/prompt_03
27,0.2044349461793899,0.1007279977202415,human_action/prompt_03
28,0.2524798810482025,0.1164684817194938,human_action/prompt_03
29,0.3741190731525421,0.2512408494949341,human_action/prompt_03
0,0.0,0.0,human_action/prompt_06
1,0.387300044298172,0.6286216378211975,human_action/prompt_06
2,0.1076399758458137,0.4271486401557922,human_action/prompt_06
3,0.0820051878690719,0.3510861396789551,human_action/prompt_06
4,0.0582372844219207,0.2335415035486221,human_action/prompt_06
5,0.071122221648693,0.1646172702312469,human_action/prompt_06
6,0.0556309223175048,0.1601392179727554,human_action/prompt_06
7,0.056102629750967,0.1234238147735595,human_action/prompt_06
8,0.0477437563240528,0.111035831272602,human_action/prompt_06
9,0.0846811383962631,0.1414028853178024,human_action/prompt_06
10,0.0482699200510978,0.101775161921978,human_action/prompt_06
11,0.0554617792367935,0.0691608190536499,human_action/prompt_06
12,0.0460835546255111,0.0816823616623878,human_action/prompt_06
13,0.0501990318298339,0.0631526634097099,human_action/prompt_06
14,0.0462942942976951,0.0723886713385582,human_action/prompt_06
15,0.0444884188473224,0.055909089744091,human_action/prompt_06
16,0.050879668444395,0.0712500214576721,human_action/prompt_06
17,0.0575909465551376,0.0427973791956901,human_action/prompt_06
18,0.061216976493597,0.04511708766222,human_action/prompt_06
19,0.0541967488825321,0.0582885667681694,human_action/prompt_06
20,0.0611345507204532,0.050595037639141,human_action/prompt_06
21,0.0696720033884048,0.0462326668202877,human_action/prompt_06
22,0.0715251341462135,0.0673853680491447,human_action/prompt_06
23,0.0952405557036399,0.0498295500874519,human_action/prompt_06
24,0.1032085493206977,0.0503578148782253,human_action/prompt_06
25,0.1191802024841308,0.0552202723920345,human_action/prompt_06
26,0.1429951936006546,0.0602865777909755,human_action/prompt_06
27,0.200033038854599,0.1026041433215141,human_action/prompt_06
28,0.249101310968399,0.121971420943737,human_action/prompt_06
29,0.3688564002513885,0.2572004199028015,human_action/prompt_06
0,0.0,0.0,color/prompt_00
1,0.3832452893257141,0.6478123068809509,color/prompt_00
2,0.1050685718655586,0.3987040221691131,color/prompt_00
3,0.0791515186429023,0.259497195482254,color/prompt_00
4,0.0593186467885971,0.2027743309736251,color/prompt_00
5,0.0692518875002861,0.1589490473270416,color/prompt_00
6,0.0530162788927555,0.1777240186929702,color/prompt_00
7,0.0547927394509315,0.1381528228521347,color/prompt_00
8,0.0506522767245769,0.1224508211016655,color/prompt_00
9,0.0893427655100822,0.1638902723789215,color/prompt_00
10,0.0465570390224456,0.1258621215820312,color/prompt_00
11,0.0601856112480163,0.0910029709339141,color/prompt_00
12,0.0466670840978622,0.1081371009349823,color/prompt_00
13,0.053501509130001,0.0850542038679122,color/prompt_00
14,0.0462873466312885,0.0950497090816497,color/prompt_00
15,0.0436143577098846,0.0734270513057708,color/prompt_00
16,0.0495673827826976,0.0851446315646171,color/prompt_00
17,0.0530797392129898,0.0580981373786926,color/prompt_00
18,0.0638197287917137,0.062512956559658,color/prompt_00
19,0.0521761067211627,0.0710720866918563,color/prompt_00
20,0.0599094033241272,0.0657267794013023,color/prompt_00
21,0.0691897347569465,0.0566932708024978,color/prompt_00
22,0.0717005357146263,0.0798468813300132,color/prompt_00
23,0.0936017632484436,0.0537638179957866,color/prompt_00
24,0.1112441271543502,0.057665891945362,color/prompt_00
25,0.1164163053035736,0.0595545023679733,color/prompt_00
26,0.145006000995636,0.0618372038006782,color/prompt_00
27,0.2048287093639373,0.1044621393084526,color/prompt_00
28,0.2527202367782593,0.1194829568266868,color/prompt_00
29,0.3778749406337738,0.251486986875534,color/prompt_00
0,0.0,0.0,color/prompt_05
1,0.3878192007541656,0.6422777771949768,color/prompt_05
2,0.105102963745594,0.3981805741786957,color/prompt_05
3,0.0802613794803619,0.317967802286148,color/prompt_05
4,0.060627844184637,0.2019039541482925,color/prompt_05
5,0.0655574351549148,0.1470794081687927,color/prompt_05
6,0.0545339882373809,0.1578048765659332,color/prompt_05
7,0.0552306212484836,0.12913878262043,color/prompt_05
8,0.0508413799107074,0.1183851808309555,color/prompt_05
9,0.0855572447180748,0.1584088057279586,color/prompt_05
10,0.0462549366056919,0.1193380653858184,color/prompt_05
11,0.0546389557421207,0.0861219465732574,color/prompt_05
12,0.0473077073693275,0.101320706307888,color/prompt_05
13,0.0538399443030357,0.0774739757180213,color/prompt_05
14,0.0470132566988468,0.0873925685882568,color/prompt_05
15,0.0470439754426479,0.0660462900996208,color/prompt_05
16,0.0500085689127445,0.0822354033589363,color/prompt_05
17,0.0524193011224269,0.0510483086109161,color/prompt_05
18,0.0672271847724914,0.0579876713454723,color/prompt_05
19,0.0535578280687332,0.0659629255533218,color/prompt_05
20,0.0650810599327087,0.059880144894123,color/prompt_05
21,0.066249281167984,0.0511194914579391,color/prompt_05
22,0.071612000465393,0.0713641792535781,color/prompt_05
23,0.0944074988365173,0.0471772029995918,color/prompt_05
24,0.1031241789460182,0.0483343042433261,color/prompt_05
25,0.1196476444602012,0.0516496449708938,color/prompt_05
26,0.1430620551109314,0.0551459975540638,color/prompt_05
27,0.2033462524414062,0.095816858112812,color/prompt_05
28,0.2542168200016022,0.1152259036898613,color/prompt_05
29,0.3765000998973846,0.2452266812324524,color/prompt_05
0,0.0,0.0,color/prompt_01
1,0.3906447291374206,0.6442096829414368,color/prompt_01
2,0.1050245687365531,0.3852980136871338,color/prompt_01
3,0.0785819962620735,0.309532105922699,color/prompt_01
4,0.0568050034344196,0.2546962201595306,color/prompt_01
5,0.0675826221704483,0.2083259522914886,color/prompt_01
6,0.0547049008309841,0.1904019266366958,color/prompt_01
7,0.0532017089426517,0.1381393373012542,color/prompt_01
8,0.0464241169393062,0.1278277337551117,color/prompt_01
9,0.0866594314575195,0.1686022579669952,color/prompt_01
10,0.0431469790637493,0.127004474401474,color/prompt_01
11,0.054976500570774,0.0945278480648994,color/prompt_01
12,0.0454783849418163,0.1090366095304489,color/prompt_01
13,0.0490792989730834,0.0886268019676208,color/prompt_01
14,0.0450233481824398,0.0988867655396461,color/prompt_01
15,0.0434377156198024,0.079887181520462,color/prompt_01
16,0.0496589168906211,0.0943386778235435,color/prompt_01
17,0.0565599501132965,0.0678713992238044,color/prompt_01
18,0.0613108463585376,0.0667772218585014,color/prompt_01
19,0.0527511946856975,0.0781067013740539,color/prompt_01
20,0.0605608262121677,0.0697834193706512,color/prompt_01
21,0.0680470913648605,0.0644892379641532,color/prompt_01
22,0.0699828565120697,0.0809352695941925,color/prompt_01
23,0.0950005203485488,0.0597969107329845,color/prompt_01
24,0.1034889668226242,0.0594272501766681,color/prompt_01
25,0.1179863810539245,0.0611759237945079,color/prompt_01
26,0.1437021195888519,0.062360368669033,color/prompt_01
27,0.203794777393341,0.1010221615433693,color/prompt_01
28,0.2559741139411926,0.1175486892461776,color/prompt_01
29,0.3831843733787536,0.2478136271238327,color/prompt_01
0,0.0,0.0,color/prompt_09
1,0.3826095759868622,0.7124406695365906,color/prompt_09
2,0.1061009317636489,0.5074133276939392,color/prompt_09
3,0.0787607431411743,0.3125994801521301,color/prompt_09
4,0.0603630021214485,0.1883932054042816,color/prompt_09
5,0.0688810870051384,0.1284550279378891,color/prompt_09
6,0.0543199442327022,0.1390936970710754,color/prompt_09
7,0.0546153485774993,0.0975634977221489,color/prompt_09
8,0.0497815608978271,0.084445483982563,color/prompt_09
9,0.0871255025267601,0.1295682340860366,color/prompt_09
10,0.0454408712685108,0.0873333066701889,color/prompt_09
11,0.0619586296379566,0.055770568549633,color/prompt_09
12,0.0467968024313449,0.0740313455462455,color/prompt_09
13,0.0543142966926097,0.0569000206887722,color/prompt_09
14,0.0472933538258075,0.0692274868488311,color/prompt_09
15,0.0449245199561119,0.0540358498692512,color/prompt_09
16,0.0504123046994209,0.0680033862590789,color/prompt_09
17,0.0504340194165706,0.0428111851215362,color/prompt_09
18,0.0676670745015144,0.0480855330824852,color/prompt_09
19,0.0531244948506355,0.0573194734752178,color/prompt_09
20,0.0613964535295963,0.0512753166258335,color/prompt_09
21,0.0709859877824783,0.0452419593930244,color/prompt_09
22,0.0735705196857452,0.0692977011203765,color/prompt_09
23,0.0953079164028167,0.0454273894429206,color/prompt_09
24,0.10994204133749,0.0484169200062751,color/prompt_09
25,0.1174982711672782,0.0515913851559162,color/prompt_09
26,0.1430519074201584,0.0563325136899948,color/prompt_09
27,0.2042778581380844,0.0995294451713562,color/prompt_09
28,0.2488953471183776,0.1178741976618766,color/prompt_09
29,0.3733506798744201,0.2486691921949386,color/prompt_09
0,0.0,0.0,color/prompt_02
1,0.3889061510562897,0.6508151888847351,color/prompt_02
2,0.1033126413822174,0.3790283501148224,color/prompt_02
3,0.0789435505867004,0.3123835623264313,color/prompt_02
4,0.0594483241438865,0.2238808721303939,color/prompt_02
5,0.0646982118487358,0.17586150765419,color/prompt_02
6,0.0536206737160682,0.1957627981901168,color/prompt_02
7,0.0545798614621162,0.1508991420269012,color/prompt_02
8,0.0508060529828071,0.132573127746582,color/prompt_02
9,0.0906903818249702,0.1700821965932846,color/prompt_02
10,0.0465534701943397,0.1289739608764648,color/prompt_02
11,0.0549587607383728,0.0942784622311592,color/prompt_02
12,0.0466072261333465,0.1067407131195068,color/prompt_02
13,0.053534161299467,0.0843797773122787,color/prompt_02
14,0.0470590852200984,0.0952656045556068,color/prompt_02
15,0.0436808317899704,0.0729629173874855,color/prompt_02
16,0.0493405237793922,0.0892965048551559,color/prompt_02
17,0.0565903112292289,0.0591392070055007,color/prompt_02
18,0.0638780817389488,0.0615282952785491,color/prompt_02
19,0.0542256422340869,0.0717225819826126,color/prompt_02
20,0.0619724653661251,0.0612492896616458,color/prompt_02
21,0.0667764693498611,0.0561500750482082,color/prompt_02
22,0.0710165500640869,0.0752494111657142,color/prompt_02
23,0.093078963458538,0.0516391023993492,color/prompt_02
24,0.1067334860563278,0.0540521629154682,color/prompt_02
25,0.1191295906901359,0.0584574900567531,color/prompt_02
26,0.1443295180797577,0.0594706684350967,color/prompt_02
27,0.2042166143655777,0.1002764552831649,color/prompt_02
28,0.2540267705917358,0.1152339503169059,color/prompt_02
29,0.3784434497356415,0.2520689368247986,color/prompt_02
0,0.0,0.0,color/prompt_08
1,0.3870792090892792,0.628063440322876,color/prompt_08
2,0.1054531708359718,0.3441523015499115,color/prompt_08
3,0.0783034563064575,0.2668223977088928,color/prompt_08
4,0.0560409724712371,0.2342723906040191,color/prompt_08
5,0.0723617151379585,0.2073717713356018,color/prompt_08
6,0.0535787381231784,0.2051810324192047,color/prompt_08
7,0.0530700720846653,0.1526742130517959,color/prompt_08
8,0.045948851853609,0.1319466978311538,color/prompt_08
9,0.0853096023201942,0.166446104645729,color/prompt_08
10,0.0442092716693878,0.1218854635953903,color/prompt_08
11,0.0593341179192066,0.0854873582720756,color/prompt_08
12,0.0447814539074897,0.101266399025917,color/prompt_08
13,0.048688992857933,0.080148845911026,color/prompt_08
14,0.0442950613796711,0.0911767333745956,color/prompt_08
15,0.0435365512967109,0.072735346853733,color/prompt_08
16,0.0493285506963729,0.0831128060817718,color/prompt_08
17,0.0527676083147525,0.0591417849063873,color/prompt_08
18,0.0603500008583068,0.0593375153839588,color/prompt_08
19,0.0527116656303405,0.0690844282507896,color/prompt_08
20,0.0580847114324569,0.0671540796756744,color/prompt_08
21,0.0713290721178054,0.0560056827962398,color/prompt_08
22,0.0719817131757736,0.0791542157530784,color/prompt_08
23,0.0937524363398552,0.0532544739544391,color/prompt_08
24,0.1070464625954628,0.0529931783676147,color/prompt_08
25,0.1163554862141609,0.056375041604042,color/prompt_08
26,0.1447436809539795,0.0594164170324802,color/prompt_08
27,0.2022827118635177,0.0980704724788665,color/prompt_08
28,0.2550403177738189,0.1131830289959907,color/prompt_08
29,0.3817290961742401,0.2473821192979812,color/prompt_08
0,0.0,0.0,color/prompt_04
1,0.3941904306411743,0.6547188758850098,color/prompt_04
2,0.1067720875144004,0.4312932193279266,color/prompt_04
3,0.0788851082324981,0.3237085342407226,color/prompt_04
4,0.0587674938142299,0.2355033010244369,color/prompt_04
5,0.0658482834696769,0.1656819880008697,color/prompt_04
6,0.0538033694028854,0.1630595028400421,color/prompt_04
7,0.0542222261428833,0.1160199791193008,color/prompt_04
8,0.0505652613937854,0.1032123044133186,color/prompt_04
9,0.0848105177283287,0.1417513936758041,color/prompt_04
10,0.0451230704784393,0.1033413708209991,color/prompt_04
11,0.0546068735420703,0.0699296817183494,color/prompt_04
12,0.04608716070652,0.0872920304536819,color/prompt_04
13,0.0538401044905185,0.0670773461461067,color/prompt_04
14,0.0471394099295139,0.0792700350284576,color/prompt_04
15,0.0468932166695594,0.0595279559493064,color/prompt_04
16,0.0490285642445087,0.0747497305274009,color/prompt_04
17,0.0542738959193229,0.0444528684020042,color/prompt_04
18,0.0648567825555801,0.0501821339130401,color/prompt_04
19,0.0551828928291797,0.0632241666316986,color/prompt_04
20,0.0647970810532569,0.0534344650804996,color/prompt_04
21,0.0665879547595977,0.0456733852624893,color/prompt_04
22,0.0719948634505271,0.0680912211537361,color/prompt_04
23,0.0957467555999755,0.0452793799340724,color/prompt_04
24,0.1046342030167579,0.0458350516855716,color/prompt_04
25,0.1206195652484893,0.0490579009056091,color/prompt_04
26,0.1440872699022293,0.0544362217187881,color/prompt_04
27,0.2044311910867691,0.0934328958392143,color/prompt_04
28,0.2550804018974304,0.1125404015183448,color/prompt_04
29,0.3777664303779602,0.2510862648487091,color/prompt_04
0,0.0,0.0,color/prompt_07
1,0.3935902714729309,0.6753290295600891,color/prompt_07
2,0.1041399538516998,0.3615593314170837,color/prompt_07
3,0.0786389410495758,0.2620947062969208,color/prompt_07
4,0.0573895685374736,0.1856835335493087,color/prompt_07
5,0.0656858161091804,0.1732310652732849,color/prompt_07
6,0.0565198808908462,0.1927901208400726,color/prompt_07
7,0.0549945384263992,0.1408649384975433,color/prompt_07
8,0.046245664358139,0.1339443176984787,color/prompt_07
9,0.0851998701691627,0.1694556772708892,color/prompt_07
10,0.0451182797551155,0.1214286983013153,color/prompt_07
11,0.0500341169536113,0.0865858569741249,color/prompt_07
12,0.0455402955412864,0.1002192050218582,color/prompt_07
13,0.0497329048812389,0.0821697115898132,color/prompt_07
14,0.0445802696049213,0.0912189558148384,color/prompt_07
15,0.0461262241005897,0.0710947439074516,color/prompt_07
16,0.0507582239806652,0.0898034498095512,color/prompt_07
17,0.0621780939400196,0.0564902462065219,color/prompt_07
18,0.0613724030554294,0.0626364722847938,color/prompt_07
19,0.0531581006944179,0.0761350765824318,color/prompt_07
20,0.0659408792853355,0.0665637403726577,color/prompt_07
21,0.0661326423287391,0.0574711076915264,color/prompt_07
22,0.0688064023852348,0.0738486722111702,color/prompt_07
23,0.0964557081460952,0.053500510752201,color/prompt_07
24,0.1009136363863945,0.0531215853989124,color/prompt_07
25,0.1213973686099052,0.0552430637180805,color/prompt_07
26,0.1447917371988296,0.0573683716356754,color/prompt_07
27,0.2051142454147339,0.095815971493721,color/prompt_07
28,0.2571492791175842,0.1112949326634407,color/prompt_07
29,0.382328599691391,0.2461163401603698,color/prompt_07
0,0.0,0.0,color/prompt_03
1,0.3913767337799072,0.6603928208351135,color/prompt_03
2,0.104753278195858,0.375027984380722,color/prompt_03
3,0.0780395120382309,0.2713054716587066,color/prompt_03
4,0.059451799839735,0.221636950969696,color/prompt_03
5,0.0645122602581977,0.1678395271301269,color/prompt_03
6,0.0552443340420722,0.1803924739360809,color/prompt_03
7,0.0519243851304054,0.1414523422718048,color/prompt_03
8,0.0505493879318237,0.1228981763124466,color/prompt_03
9,0.0863905474543571,0.1630852073431015,color/prompt_03
10,0.0436599776148796,0.1176106259226799,color/prompt_03
11,0.0547183789312839,0.0867582932114601,color/prompt_03
12,0.0466184169054031,0.1034285351634025,color/prompt_03
13,0.0538231879472732,0.083984300494194,color/prompt_03
14,0.0464495085179805,0.0945597290992736,color/prompt_03
15,0.0472401827573776,0.0716467946767807,color/prompt_03
16,0.0495016574859619,0.0866784825921058,color/prompt_03
17,0.0542194098234176,0.0567447431385517,color/prompt_03
18,0.0675318762660026,0.0595415420830249,color/prompt_03
19,0.0537112392485141,0.0694604218006134,color/prompt_03
20,0.0654997527599334,0.0603589750826358,color/prompt_03
21,0.0687171816825866,0.0560211949050426,color/prompt_03
22,0.0709355473518371,0.0736101418733596,color/prompt_03
23,0.0962926670908927,0.049742255359888,color/prompt_03
24,0.1062959879636764,0.0540621727705001,color/prompt_03
25,0.1208323910832405,0.053619310259819,color/prompt_03
26,0.1456112414598465,0.057018969208002,color/prompt_03
27,0.2064476758241653,0.0982909426093101,color/prompt_03
28,0.2553762197494507,0.1112975478172302,color/prompt_03
29,0.381235271692276,0.2471189945936203,color/prompt_03
0,0.0,0.0,color/prompt_06
1,0.3932384550571441,0.6285969614982605,color/prompt_06
2,0.1028461828827858,0.3594451546669006,color/prompt_06
3,0.0794771611690521,0.33299121260643,color/prompt_06
4,0.060163989663124,0.2771733999252319,color/prompt_06
5,0.0614539235830307,0.185905784368515,color/prompt_06
6,0.0575372688472271,0.1672833859920501,color/prompt_06
7,0.0533242858946323,0.1193280145525932,color/prompt_06
8,0.0507674403488636,0.112025536596775,color/prompt_06
9,0.0876692607998848,0.1597170382738113,color/prompt_06
10,0.0444452576339244,0.1187988072633743,color/prompt_06
11,0.0503874011337757,0.083835668861866,color/prompt_06
12,0.0467693954706192,0.0972881838679313,color/prompt_06
13,0.05265599116683,0.0750941485166549,color/prompt_06
14,0.0472190305590629,0.0854808315634727,color/prompt_06
15,0.0501983799040317,0.0641335397958755,color/prompt_06
16,0.0495242178440094,0.0843737944960594,color/prompt_06
17,0.0566442161798477,0.0508848056197166,color/prompt_06
18,0.0663831904530525,0.0567215904593467,color/prompt_06
19,0.0560925304889678,0.0701899453997612,color/prompt_06
20,0.0691438987851142,0.056605901569128,color/prompt_06
21,0.0654340982437133,0.0542866736650466,color/prompt_06
22,0.0689211785793304,0.0686248838901519,color/prompt_06
23,0.0932066813111305,0.047657199203968,color/prompt_06
24,0.1005431860685348,0.0509487241506576,color/prompt_06
25,0.1221738681197166,0.0542697794735431,color/prompt_06
26,0.1427490413188934,0.0572718530893325,color/prompt_06
27,0.204651802778244,0.0975472629070282,color/prompt_06
28,0.2549946308135986,0.1115973889827728,color/prompt_06
29,0.3802103996276855,0.2467161267995834,color/prompt_06
0,0.0,0.0,temporal_style/prompt_00
1,0.3849233984947204,0.815841019153595,temporal_style/prompt_00
2,0.1089601889252662,0.4072344899177551,temporal_style/prompt_00
3,0.080576404929161,0.2512269616127014,temporal_style/prompt_00
4,0.0567005351185798,0.1506427377462387,temporal_style/prompt_00
5,0.074467584490776,0.0935528203845024,temporal_style/prompt_00
6,0.0548193342983722,0.1056088060140609,temporal_style/prompt_00
7,0.0549422353506088,0.0734664425253868,temporal_style/prompt_00
8,0.0466072112321853,0.065612643957138,temporal_style/prompt_00
9,0.0792660042643547,0.1097079962491989,temporal_style/prompt_00
10,0.0469280891120433,0.0767360553145408,temporal_style/prompt_00
11,0.0606137812137603,0.0459672845900058,temporal_style/prompt_00
12,0.0465941578149795,0.0652591213583946,temporal_style/prompt_00
13,0.050359096378088,0.0456885024905204,temporal_style/prompt_00
14,0.046436458826065,0.0592661127448082,temporal_style/prompt_00
15,0.0462443344295024,0.0441502295434474,temporal_style/prompt_00
16,0.0514086708426475,0.0586796402931213,temporal_style/prompt_00
17,0.0542021840810775,0.0330213606357574,temporal_style/prompt_00
18,0.0637277513742446,0.0379377976059913,temporal_style/prompt_00
19,0.0554936453700065,0.0484134927392005,temporal_style/prompt_00
20,0.0628377720713615,0.0466247983276844,temporal_style/prompt_00
21,0.0738711208105087,0.0386211536824703,temporal_style/prompt_00
22,0.0746547952294349,0.0616199411451816,temporal_style/prompt_00
23,0.0932965725660324,0.0381114892661571,temporal_style/prompt_00
24,0.1147888451814651,0.0459280870854854,temporal_style/prompt_00
25,0.1226421669125557,0.0487215220928192,temporal_style/prompt_00
26,0.147106721997261,0.0547151304781436,temporal_style/prompt_00
27,0.2002051174640655,0.0949357897043228,temporal_style/prompt_00
28,0.2442149370908737,0.1222973763942718,temporal_style/prompt_00
29,0.3560554683208465,0.2520039081573486,temporal_style/prompt_00
0,0.0,0.0,temporal_style/prompt_05
1,0.3853900134563446,0.8248182535171509,temporal_style/prompt_05
2,0.1079322844743728,0.4031045436859131,temporal_style/prompt_05
3,0.0798757821321487,0.1935339421033859,temporal_style/prompt_05
4,0.0568145625293254,0.1155764237046241,temporal_style/prompt_05
5,0.0745312720537185,0.0820448845624923,temporal_style/prompt_05
6,0.0541833452880382,0.0997781381011009,temporal_style/prompt_05
7,0.0548328012228012,0.068415068089962,temporal_style/prompt_05
8,0.0478480570018291,0.0628252327442169,temporal_style/prompt_05
9,0.0839806869626045,0.1063686832785606,temporal_style/prompt_05
10,0.0461106337606906,0.0707521960139274,temporal_style/prompt_05
11,0.0612043179571628,0.0430083535611629,temporal_style/prompt_05
12,0.0464257337152957,0.0603933669626712,temporal_style/prompt_05
13,0.050560001283884,0.0429860837757587,temporal_style/prompt_05
14,0.047033492475748,0.0570387914776802,temporal_style/prompt_05
15,0.046078972518444,0.0418208241462707,temporal_style/prompt_05
16,0.0522030219435691,0.0576261952519416,temporal_style/prompt_05
17,0.0577803067862987,0.0344266481697559,temporal_style/prompt_05
18,0.0633520185947418,0.0371565446257591,temporal_style/prompt_05
19,0.0562183894217014,0.048964861780405,temporal_style/prompt_05
20,0.0638339594006538,0.0462139248847961,temporal_style/prompt_05
21,0.0760721415281295,0.0372434556484222,temporal_style/prompt_05
22,0.0761983916163444,0.0611085444688797,temporal_style/prompt_05
23,0.0970453917980194,0.0385545752942562,temporal_style/prompt_05
24,0.1153256446123123,0.0437661260366439,temporal_style/prompt_05
25,0.1239757388830185,0.0464736893773078,temporal_style/prompt_05
26,0.1483759731054306,0.054413266479969,temporal_style/prompt_05
27,0.1983864605426788,0.0936380252242088,temporal_style/prompt_05
28,0.2420763522386551,0.1197704821825027,temporal_style/prompt_05
29,0.3508705496788025,0.2487837970256805,temporal_style/prompt_05
0,0.0,0.0,temporal_style/prompt_01
1,0.391949862241745,0.8245927095413208,temporal_style/prompt_01
2,0.1079812422394752,0.3822367787361145,temporal_style/prompt_01
3,0.0810483917593956,0.2192936241626739,temporal_style/prompt_01
4,0.0589433275163173,0.1243560388684272,temporal_style/prompt_01
5,0.069511279463768,0.0867709144949913,temporal_style/prompt_01
6,0.053501196205616,0.1030465885996818,temporal_style/prompt_01
7,0.0588099099695682,0.0744381546974182,temporal_style/prompt_01
8,0.0477531850337982,0.064681552350521,temporal_style/prompt_01
9,0.083002746105194,0.1096647009253501,temporal_style/prompt_01
10,0.0483235791325569,0.0777200981974601,temporal_style/prompt_01
11,0.0606301054358482,0.0454371124505996,temporal_style/prompt_01
12,0.0476283021271228,0.0655319392681121,temporal_style/prompt_01
13,0.054850373417139,0.0473678782582283,temporal_style/prompt_01
14,0.0474040284752845,0.0607690028846263,temporal_style/prompt_01
15,0.0467981472611427,0.045232743024826,temporal_style/prompt_01
16,0.0516573786735534,0.0601374134421348,temporal_style/prompt_01
17,0.0541488975286483,0.0348455347120761,temporal_style/prompt_01
18,0.0676275119185447,0.0388583019375801,temporal_style/prompt_01
19,0.0567479729652404,0.050464179366827,temporal_style/prompt_01
20,0.0633022710680961,0.0474300421774387,temporal_style/prompt_01
21,0.0754773616790771,0.0382889285683631,temporal_style/prompt_01
22,0.0768682286143302,0.0631704926490783,temporal_style/prompt_01
23,0.0973840951919555,0.0392726026475429,temporal_style/prompt_01
24,0.1106735467910766,0.0431978441774845,temporal_style/prompt_01
25,0.124478593468666,0.0471752136945724,temporal_style/prompt_01
26,0.1480066925287246,0.0558625124394893,temporal_style/prompt_01
27,0.1996432989835739,0.0972087979316711,temporal_style/prompt_01
28,0.2467234432697296,0.1236636266112327,temporal_style/prompt_01
29,0.3584864437580108,0.2556706666946411,temporal_style/prompt_01
0,0.0,0.0,temporal_style/prompt_09
1,0.3854058384895324,0.8355728983879089,temporal_style/prompt_09
2,0.1091560870409011,0.4370739758014679,temporal_style/prompt_09
3,0.0796882659196853,0.2294830530881881,temporal_style/prompt_09
4,0.0575940757989883,0.1375533789396286,temporal_style/prompt_09
5,0.0737207010388374,0.0906571894884109,temporal_style/prompt_09
6,0.0552200973033905,0.1080791801214218,temporal_style/prompt_09
7,0.0512402802705764,0.0703161433339119,temporal_style/prompt_09
8,0.0513755306601524,0.0654374882578849,temporal_style/prompt_09
9,0.0855703651905059,0.1109467968344688,temporal_style/prompt_09
10,0.0443478189408779,0.0720296800136566,temporal_style/prompt_09
11,0.0606249645352363,0.0451423972845077,temporal_style/prompt_09
12,0.0465976633131504,0.0633522495627403,temporal_style/prompt_09
13,0.0496346801519393,0.0450139492750167,temporal_style/prompt_09
14,0.0464802123606205,0.0587431937456131,temporal_style/prompt_09
15,0.0453734062612056,0.0440002456307411,temporal_style/prompt_09
16,0.0517678745090961,0.0593675673007965,temporal_style/prompt_09
17,0.0583404898643493,0.0377793349325656,temporal_style/prompt_09
18,0.061623241752386,0.0388889946043491,temporal_style/prompt_09
19,0.0554488375782966,0.0494510605931282,temporal_style/prompt_09
20,0.0656931102275848,0.0455563254654407,temporal_style/prompt_09
21,0.071925863623619,0.039915420114994,temporal_style/prompt_09
22,0.0761155784130096,0.0634180977940559,temporal_style/prompt_09
23,0.1011503636837005,0.042179349809885,temporal_style/prompt_09
24,0.1064579859375953,0.0448372103273868,temporal_style/prompt_09
25,0.1231437474489212,0.0478640347719192,temporal_style/prompt_09
26,0.1480681300163269,0.0543717294931411,temporal_style/prompt_09
27,0.1976955831050872,0.0950929969549179,temporal_style/prompt_09
28,0.2452262192964553,0.1199676319956779,temporal_style/prompt_09
29,0.3570040762424469,0.2527341246604919,temporal_style/prompt_09
0,0.0,0.0,temporal_style/prompt_02
1,0.3898871541023254,0.8112980127334595,temporal_style/prompt_02
2,0.1048045307397842,0.3723037540912628,temporal_style/prompt_02
3,0.0793447270989418,0.2237036675214767,temporal_style/prompt_02
4,0.0598205663263797,0.1293134242296219,temporal_style/prompt_02
5,0.0649711042642593,0.0904577895998954,temporal_style/prompt_02
6,0.0540892481803894,0.1048037931323051,temporal_style/prompt_02
7,0.058180995285511,0.0730243921279907,temporal_style/prompt_02
8,0.0469757989048957,0.0654537752270698,temporal_style/prompt_02
9,0.0841132923960685,0.1117818728089332,temporal_style/prompt_02
10,0.045204147696495,0.0770677328109741,temporal_style/prompt_02
11,0.0549305602908134,0.0472211129963398,temporal_style/prompt_02
12,0.0491998977959156,0.0673005953431129,temporal_style/prompt_02
13,0.0543703064322471,0.0470562539994716,temporal_style/prompt_02
14,0.0475547648966312,0.062476772814989,temporal_style/prompt_02
15,0.0486076921224594,0.0455569997429847,temporal_style/prompt_02
16,0.0504944771528244,0.0614341162145137,temporal_style/prompt_02
17,0.0571107380092144,0.0331188961863517,temporal_style/prompt_02
18,0.0668794140219688,0.0384250208735466,temporal_style/prompt_02
19,0.0563419908285141,0.0520745702087879,temporal_style/prompt_02
20,0.0673220008611679,0.0469371937215328,temporal_style/prompt_02
21,0.0722929537296295,0.040287360548973,temporal_style/prompt_02
22,0.0745285153388977,0.0605121366679668,temporal_style/prompt_02
23,0.0978555083274841,0.0398887246847152,temporal_style/prompt_02
24,0.106227196753025,0.0431197695434093,temporal_style/prompt_02
25,0.1255097091197967,0.0483616478741169,temporal_style/prompt_02
26,0.1465566307306289,0.0575261712074279,temporal_style/prompt_02
27,0.2003245055675506,0.0972144454717636,temporal_style/prompt_02
28,0.2457141429185867,0.1222426742315292,temporal_style/prompt_02
29,0.3609466254711151,0.2567008435726166,temporal_style/prompt_02
0,0.0,0.0,temporal_style/prompt_08
1,0.3921656012535095,0.8129015564918518,temporal_style/prompt_08
2,0.1053041741251945,0.3585695028305053,temporal_style/prompt_08
3,0.0802210941910743,0.23345448076725,temporal_style/prompt_08
4,0.0564676411449909,0.1330729126930236,temporal_style/prompt_08
5,0.0691099092364311,0.0900865718722343,temporal_style/prompt_08
6,0.0541145950555801,0.1020126938819885,temporal_style/prompt_08
7,0.0543678700923919,0.074835330247879,temporal_style/prompt_08
8,0.0470469072461128,0.0673407390713691,temporal_style/prompt_08
9,0.0825345143675804,0.1102922484278678,temporal_style/prompt_08
10,0.0467815063893795,0.0751966908574104,temporal_style/prompt_08
11,0.055284172296524,0.0443181954324245,temporal_style/prompt_08
12,0.0463251136243343,0.0640677660703659,temporal_style/prompt_08
13,0.0499836131930351,0.0447764843702316,temporal_style/prompt_08
14,0.0457263775169849,0.0597301386296749,temporal_style/prompt_08
15,0.0455966182053089,0.0422285497188568,temporal_style/prompt_08
16,0.0499207228422164,0.061306994408369,temporal_style/prompt_08
17,0.0613242052495479,0.0334957726299762,temporal_style/prompt_08
18,0.0610947497189044,0.0383155271410942,temporal_style/prompt_08
19,0.0542964972555637,0.0498277805745601,temporal_style/prompt_08
20,0.0651053041219711,0.0452459380030632,temporal_style/prompt_08
21,0.0719859302043914,0.0389221161603927,temporal_style/prompt_08
22,0.0730656534433364,0.0601761750876903,temporal_style/prompt_08
23,0.0943797975778579,0.0380306132137775,temporal_style/prompt_08
24,0.1086956039071083,0.0438900850713253,temporal_style/prompt_08
25,0.1226111873984336,0.0465279631316661,temporal_style/prompt_08
26,0.1460126936435699,0.055462297052145,temporal_style/prompt_08
27,0.1989249736070633,0.0936705768108367,temporal_style/prompt_08
28,0.2460056990385055,0.1208355277776718,temporal_style/prompt_08
29,0.3600302636623382,0.2517773807048797,temporal_style/prompt_08
0,0.0,0.0,temporal_style/prompt_04
1,0.388797789812088,0.8144521713256836,temporal_style/prompt_04
2,0.1052173972129821,0.3716169595718384,temporal_style/prompt_04
3,0.079466164112091,0.2145813554525375,temporal_style/prompt_04
4,0.0586553774774074,0.1280759871006012,temporal_style/prompt_04
5,0.0690219327807426,0.089606873691082,temporal_style/prompt_04
6,0.053673293441534,0.1080657392740249,temporal_style/prompt_04
7,0.0540383644402027,0.0756177082657814,temporal_style/prompt_04
8,0.0511709824204444,0.071834996342659,temporal_style/prompt_04
9,0.0848348811268806,0.1155818700790405,temporal_style/prompt_04
10,0.0455646812915802,0.0785852298140525,temporal_style/prompt_04
11,0.0608078762888908,0.049867995083332,temporal_style/prompt_04
12,0.0468654483556747,0.067637950181961,temporal_style/prompt_04
13,0.0550741665065288,0.0500628910958766,temporal_style/prompt_04
14,0.0474818907678127,0.0639240890741348,temporal_style/prompt_04
15,0.0470133647322654,0.0518909208476543,temporal_style/prompt_04
16,0.0525679104030132,0.0628521591424942,temporal_style/prompt_04
17,0.0552161931991577,0.0368408411741256,temporal_style/prompt_04
18,0.0667616128921508,0.0407977513968944,temporal_style/prompt_04
19,0.0565205849707126,0.0526122115552425,temporal_style/prompt_04
20,0.0651025250554084,0.0476343445479869,temporal_style/prompt_04
21,0.0750205442309379,0.0421445593237876,temporal_style/prompt_04
22,0.0782085657119751,0.0682333335280418,temporal_style/prompt_04
23,0.0998490378260612,0.0428381636738777,temporal_style/prompt_04
24,0.1137545183300972,0.0460780411958694,temporal_style/prompt_04
25,0.1240514665842056,0.0490099042654037,temporal_style/prompt_04
26,0.1474786847829818,0.0571454018354415,temporal_style/prompt_04
27,0.2007956355810165,0.0985786542296409,temporal_style/prompt_04
28,0.2444157153367996,0.1224808692932128,temporal_style/prompt_04
29,0.3575598299503326,0.2541696429252624,temporal_style/prompt_04
0,0.0,0.0,temporal_style/prompt_07
1,0.3916614055633545,0.8085005879402161,temporal_style/prompt_07
2,0.1055736094713211,0.498071938753128,temporal_style/prompt_07
3,0.0800352394580841,0.2200735956430435,temporal_style/prompt_07
4,0.0576700195670127,0.1404944360256195,temporal_style/prompt_07
5,0.069375067949295,0.0994214639067649,temporal_style/prompt_07
6,0.0556389540433883,0.1056599393486976,temporal_style/prompt_07
7,0.0538720488548278,0.0705308243632316,temporal_style/prompt_07
8,0.0473660789430141,0.0643637776374816,temporal_style/prompt_07
9,0.085538849234581,0.1106217056512832,temporal_style/prompt_07
10,0.0444824174046516,0.0706336125731468,temporal_style/prompt_07
11,0.0555290691554546,0.0449330694973468,temporal_style/prompt_07
12,0.0472501330077648,0.0643452778458595,temporal_style/prompt_07
13,0.0507747940719127,0.044334802776575,temporal_style/prompt_07
14,0.0468001812696456,0.0583278909325599,temporal_style/prompt_07
15,0.0463232770562171,0.0406033508479595,temporal_style/prompt_07
16,0.0506351441144943,0.0610181652009487,temporal_style/prompt_07
17,0.0619575306773185,0.0355497524142265,temporal_style/prompt_07
18,0.062505804002285,0.0367177687585353,temporal_style/prompt_07
19,0.0555394776165485,0.051586776971817,temporal_style/prompt_07
20,0.0656649246811866,0.045109175145626,temporal_style/prompt_07
21,0.0718098729848861,0.0372769795358181,temporal_style/prompt_07
22,0.0751895383000373,0.0591386742889881,temporal_style/prompt_07
23,0.0950327739119529,0.037800945341587,temporal_style/prompt_07
24,0.1091835796833038,0.0426013134419918,temporal_style/prompt_07
25,0.1246170476078987,0.0474154911935329,temporal_style/prompt_07
26,0.1465853601694107,0.054385632276535,temporal_style/prompt_07
27,0.1982176899909973,0.0935885310173034,temporal_style/prompt_07
28,0.2437229454517364,0.1175427809357643,temporal_style/prompt_07
29,0.35535728931427,0.2492683827877044,temporal_style/prompt_07
0,0.0,0.0,temporal_style/prompt_03
1,0.3923170268535614,0.8165804743766785,temporal_style/prompt_03
2,0.1027630418539047,0.3982868194580078,temporal_style/prompt_03
3,0.0790327489376068,0.2336253821849823,temporal_style/prompt_03
4,0.0559328682720661,0.1435250639915466,temporal_style/prompt_03
5,0.0680508837103843,0.0928819552063942,temporal_style/prompt_03
6,0.0540953762829303,0.1005659475922584,temporal_style/prompt_03
7,0.053877230733633,0.0717070549726486,temporal_style/prompt_03
8,0.0468831397593021,0.0643897056579589,temporal_style/prompt_03
9,0.0848484709858894,0.1128597036004066,temporal_style/prompt_03
10,0.0455245561897754,0.076268658041954,temporal_style/prompt_03
11,0.0551907569169998,0.0483043529093265,temporal_style/prompt_03
12,0.0457937307655811,0.0647608637809753,temporal_style/prompt_03
13,0.0506570301949977,0.0487890690565109,temporal_style/prompt_03
14,0.045722808688879,0.0614189729094505,temporal_style/prompt_03
15,0.0462185405194759,0.0447133220732212,temporal_style/prompt_03
16,0.0505282543599605,0.0647785291075706,temporal_style/prompt_03
17,0.0610715076327323,0.0359268225729465,temporal_style/prompt_03
18,0.0619551092386245,0.0406233519315719,temporal_style/prompt_03
19,0.0564137138426303,0.0567445121705532,temporal_style/prompt_03
20,0.0644300058484077,0.0495651848614215,temporal_style/prompt_03
21,0.0727553591132164,0.0457063689827919,temporal_style/prompt_03
22,0.0739181563258171,0.0663847178220748,temporal_style/prompt_03
23,0.0994528234004974,0.0443549565970897,temporal_style/prompt_03
24,0.1087928190827369,0.0462045483291149,temporal_style/prompt_03
25,0.1236476153135299,0.0507474653422832,temporal_style/prompt_03
26,0.1460660696029663,0.0573005452752113,temporal_style/prompt_03
27,0.1980903446674347,0.0970463380217552,temporal_style/prompt_03
28,0.2438389658927917,0.1216352134943008,temporal_style/prompt_03
29,0.3590573072433471,0.2547732591629028,temporal_style/prompt_03
0,0.0,0.0,temporal_style/prompt_06
1,0.3855160176753998,0.7986899018287659,temporal_style/prompt_06
2,0.1087330430746078,0.3780892789363861,temporal_style/prompt_06
3,0.0799730643630027,0.1976764798164367,temporal_style/prompt_06
4,0.0593393184244632,0.1208018064498901,temporal_style/prompt_06
5,0.0694639384746551,0.0852759033441543,temporal_style/prompt_06
6,0.0539189539849758,0.1006302386522293,temporal_style/prompt_06
7,0.0545566231012344,0.0682084560394287,temporal_style/prompt_06
8,0.0508142374455928,0.0672392472624778,temporal_style/prompt_06
9,0.0839851573109626,0.1075525507330894,temporal_style/prompt_06
10,0.0451978668570518,0.0708609968423843,temporal_style/prompt_06
11,0.0594324767589569,0.0416407845914363,temporal_style/prompt_06
12,0.0484905205667018,0.0642399936914444,temporal_style/prompt_06
13,0.0528792180120945,0.0416616648435592,temporal_style/prompt_06
14,0.047628991305828,0.0601140111684799,temporal_style/prompt_06
15,0.0468267537653446,0.048072513192892,temporal_style/prompt_06
16,0.0497761107981205,0.0557107739150524,temporal_style/prompt_06
17,0.053460344672203,0.0352786481380462,temporal_style/prompt_06
18,0.0639666020870208,0.0376335680484771,temporal_style/prompt_06
19,0.0528638362884521,0.0488756000995636,temporal_style/prompt_06
20,0.0624550320208072,0.0449058227241039,temporal_style/prompt_06
21,0.0716610550880432,0.0385161973536014,temporal_style/prompt_06
22,0.072079449892044,0.0600853599607944,temporal_style/prompt_06
23,0.0906900241971015,0.0404329821467399,temporal_style/prompt_06
24,0.1076641902327537,0.0427941977977752,temporal_style/prompt_06
25,0.116769440472126,0.0478931590914726,temporal_style/prompt_06
26,0.1403287798166275,0.0550047270953655,temporal_style/prompt_06
27,0.1970216780900955,0.0947276428341865,temporal_style/prompt_06
28,0.2456748932600021,0.1194635853171348,temporal_style/prompt_06
29,0.3626278042793274,0.2428320795297622,temporal_style/prompt_06
0,0.0,0.0,overall_consistency/prompt_00
1,0.3893150687217712,0.6328165531158447,overall_consistency/prompt_00
2,0.1065613403916359,0.494917631149292,overall_consistency/prompt_00
3,0.0812801718711853,0.3660016357898712,overall_consistency/prompt_00
4,0.0609786957502365,0.2383396476507187,overall_consistency/prompt_00
5,0.066647320985794,0.186986431479454,overall_consistency/prompt_00
6,0.0563567206263542,0.1765026599168777,overall_consistency/prompt_00
7,0.0546078011393547,0.1271993964910507,overall_consistency/prompt_00
8,0.0511305890977382,0.113082118332386,overall_consistency/prompt_00
9,0.087457925081253,0.1473844051361084,overall_consistency/prompt_00
10,0.0446905419230461,0.1038992255926132,overall_consistency/prompt_00
11,0.0554045923054218,0.0721702724695205,overall_consistency/prompt_00
12,0.046290785074234,0.0875659063458442,overall_consistency/prompt_00
13,0.0543955080211162,0.0671370923519134,overall_consistency/prompt_00
14,0.0470692217350006,0.0781674981117248,overall_consistency/prompt_00
15,0.0475612208247184,0.0576372258365154,overall_consistency/prompt_00
16,0.0495121926069259,0.0737829729914665,overall_consistency/prompt_00
17,0.053507026284933,0.0461937747895717,overall_consistency/prompt_00
18,0.0673316046595573,0.0492527931928634,overall_consistency/prompt_00
19,0.0540519766509532,0.0630003735423088,overall_consistency/prompt_00
20,0.0657284334301948,0.0542144812643528,overall_consistency/prompt_00
21,0.0677701979875564,0.0482206940650939,overall_consistency/prompt_00
22,0.0721198767423629,0.0688563957810401,overall_consistency/prompt_00
23,0.095661386847496,0.0481112599372863,overall_consistency/prompt_00
24,0.1055670455098152,0.0489002466201782,overall_consistency/prompt_00
25,0.1212655380368232,0.0541446208953857,overall_consistency/prompt_00
26,0.1445724368095398,0.0576377995312213,overall_consistency/prompt_00
27,0.2033412009477615,0.0996586009860038,overall_consistency/prompt_00
28,0.2503054738044739,0.11525309830904,overall_consistency/prompt_00
29,0.3692840039730072,0.2481540739536285,overall_consistency/prompt_00
0,0.0,0.0,overall_consistency/prompt_05
1,0.3932445347309112,0.7746174931526184,overall_consistency/prompt_05
2,0.1047011613845825,0.5535973906517029,overall_consistency/prompt_05
3,0.0805799514055252,0.3740683495998382,overall_consistency/prompt_05
4,0.0572505965828895,0.1915231049060821,overall_consistency/prompt_05
5,0.0663280636072158,0.1418073028326034,overall_consistency/prompt_05
6,0.0565833002328872,0.134440466761589,overall_consistency/prompt_05
7,0.0565128363668918,0.1001557931303978,overall_consistency/prompt_05
8,0.0462419763207435,0.0871646627783775,overall_consistency/prompt_05
9,0.0799614638090133,0.1262408345937729,overall_consistency/prompt_05
10,0.0489733219146728,0.0931935831904411,overall_consistency/prompt_05
11,0.0510113649070262,0.058450274169445,overall_consistency/prompt_05
12,0.0454427860677242,0.0752682611346244,overall_consistency/prompt_05
13,0.0502326563000679,0.056865707039833,overall_consistency/prompt_05
14,0.0453361943364143,0.0688274428248405,overall_consistency/prompt_05
15,0.0509001165628433,0.0494295097887516,overall_consistency/prompt_05
16,0.05107893794775,0.0731928870081901,overall_consistency/prompt_05
17,0.0574362874031066,0.0390061251819133,overall_consistency/prompt_05
18,0.0658133700489997,0.0443796701729297,overall_consistency/prompt_05
19,0.0568189807236194,0.0615399666130542,overall_consistency/prompt_05
20,0.0692125931382179,0.0483615174889564,overall_consistency/prompt_05
21,0.0657284930348396,0.0444594025611877,overall_consistency/prompt_05
22,0.0713943392038345,0.0626365095376968,overall_consistency/prompt_05
23,0.0950433686375618,0.042858749628067,overall_consistency/prompt_05
24,0.103494793176651,0.0480341762304306,overall_consistency/prompt_05
25,0.1226297840476036,0.0508251748979091,overall_consistency/prompt_05
26,0.14616259932518,0.0559470020234584,overall_consistency/prompt_05
27,0.2062252014875412,0.0977442786097526,overall_consistency/prompt_05
28,0.2533254623413086,0.1184438318014144,overall_consistency/prompt_05
29,0.3790651857852936,0.2584602832794189,overall_consistency/prompt_05
0,0.0,0.0,overall_consistency/prompt_01
1,0.3907687366008758,0.6823877096176147,overall_consistency/prompt_01
2,0.1022967770695686,0.3688766360282898,overall_consistency/prompt_01
3,0.0789944306015968,0.210934117436409,overall_consistency/prompt_01
4,0.0562024563550949,0.1304938793182373,overall_consistency/prompt_01
5,0.0685096532106399,0.1083112955093383,overall_consistency/prompt_01
6,0.053114365786314,0.1212305724620819,overall_consistency/prompt_01
7,0.0516618750989437,0.0970446094870567,overall_consistency/prompt_01
8,0.05024129524827,0.0872282832860946,overall_consistency/prompt_01
9,0.0821970254182815,0.1263913363218307,overall_consistency/prompt_01
10,0.0469006113708019,0.0950623974204063,overall_consistency/prompt_01
11,0.0537145845592021,0.0626708790659904,overall_consistency/prompt_01
12,0.0454561337828636,0.080631174147129,overall_consistency/prompt_01
13,0.0490530990064144,0.0630905330181121,overall_consistency/prompt_01
14,0.0455558598041534,0.0753915309906005,overall_consistency/prompt_01
15,0.044160146266222,0.0558013021945953,overall_consistency/prompt_01
16,0.050136774778366,0.0747928917407989,overall_consistency/prompt_01
17,0.0563342273235321,0.0478372760117054,overall_consistency/prompt_01
18,0.0613534227013587,0.0502926483750343,overall_consistency/prompt_01
19,0.0556997954845428,0.0656590908765792,overall_consistency/prompt_01
20,0.0618128031492233,0.0544407814741134,overall_consistency/prompt_01
21,0.0693452507257461,0.0525369346141815,overall_consistency/prompt_01
22,0.0730472430586814,0.0743340030312538,overall_consistency/prompt_01
23,0.0966334491968154,0.0527175776660442,overall_consistency/prompt_01
24,0.1021186336874961,0.05472407117486,overall_consistency/prompt_01
25,0.1198740527033805,0.0586092621088027,overall_consistency/prompt_01
26,0.1433999687433242,0.064949594438076,overall_consistency/prompt_01
27,0.1986502408981323,0.1012557223439216,overall_consistency/prompt_01
28,0.2489290088415146,0.1247384548187255,overall_consistency/prompt_01
29,0.3639431893825531,0.2566682398319244,overall_consistency/prompt_01
0,0.0,0.0,overall_consistency/prompt_09
1,0.3874959945678711,0.680528998374939,overall_consistency/prompt_09
2,0.1058610901236534,0.3759467601776123,overall_consistency/prompt_09
3,0.0788304433226585,0.2907801568508148,overall_consistency/prompt_09
4,0.0592463836073875,0.1879507899284362,overall_consistency/prompt_09
5,0.0703229829668998,0.1159090995788574,overall_consistency/prompt_09
6,0.0537879839539527,0.1211209297180175,overall_consistency/prompt_09
7,0.054699458181858,0.086379125714302,overall_consistency/prompt_09
8,0.0510499402880668,0.0778039023280143,overall_consistency/prompt_09
9,0.0850655287504196,0.1218824014067649,overall_consistency/prompt_09
10,0.0457480289041996,0.0824217051267623,overall_consistency/prompt_09
11,0.0605583898723125,0.0538000613451004,overall_consistency/prompt_09
12,0.0468367710709571,0.0743955671787262,overall_consistency/prompt_09
13,0.0544528700411319,0.0557577647268772,overall_consistency/prompt_09
14,0.0472933277487754,0.0706080719828605,overall_consistency/prompt_09
15,0.0460557714104652,0.052200973033905,overall_consistency/prompt_09
16,0.0507245771586895,0.0683869794011116,overall_consistency/prompt_09
17,0.051465056836605,0.0423495136201381,overall_consistency/prompt_09
18,0.0675545409321785,0.0454984419047832,overall_consistency/prompt_09
19,0.0556117221713066,0.0572745725512504,overall_consistency/prompt_09
20,0.0628782883286476,0.0540823079645633,overall_consistency/prompt_09
21,0.0718315541744232,0.0452221445739269,overall_consistency/prompt_09
22,0.0762816295027732,0.0710384920239448,overall_consistency/prompt_09
23,0.0979191586375236,0.0454077497124671,overall_consistency/prompt_09
24,0.1101350262761116,0.0478730201721191,overall_consistency/prompt_09
25,0.1222862228751182,0.0493376106023788,overall_consistency/prompt_09
26,0.147098496556282,0.0554583892226219,overall_consistency/prompt_09
27,0.2021610140800476,0.0937078818678855,overall_consistency/prompt_09
28,0.2494874447584152,0.1134488061070442,overall_consistency/prompt_09
29,0.3655936419963836,0.2442206144332885,overall_consistency/prompt_09
0,0.0,0.0,overall_consistency/prompt_02
1,0.3822642564773559,0.6744129657745361,overall_consistency/prompt_02
2,0.1050579622387886,0.3854581117630005,overall_consistency/prompt_02
3,0.077947624027729,0.282450258731842,overall_consistency/prompt_02
4,0.0561848655343055,0.1884514838457107,overall_consistency/prompt_02
5,0.0724858939647674,0.1440614163875579,overall_consistency/prompt_02
6,0.0528134256601333,0.1453998386859893,overall_consistency/prompt_02
7,0.0503721199929714,0.0966864302754402,overall_consistency/prompt_02
8,0.0501889623701572,0.0849885642528534,overall_consistency/prompt_02
9,0.0826859846711158,0.1287502497434616,overall_consistency/prompt_02
10,0.0452503859996795,0.0910955742001533,overall_consistency/prompt_02
11,0.0592810846865177,0.0607939064502716,overall_consistency/prompt_02
12,0.0460174307227134,0.0771698653697967,overall_consistency/prompt_02
13,0.0484553016722202,0.0589481331408023,overall_consistency/prompt_02
14,0.0450352281332016,0.072436898946762,overall_consistency/prompt_02
15,0.0435220375657081,0.0563329495489597,overall_consistency/prompt_02
16,0.0504683293402195,0.0695374011993408,overall_consistency/prompt_02
17,0.054817222058773,0.0459448173642158,overall_consistency/prompt_02
18,0.0601694509387016,0.0488289855420589,overall_consistency/prompt_02
19,0.0536095201969146,0.0587947182357311,overall_consistency/prompt_02
20,0.0598846040666103,0.0538126267492771,overall_consistency/prompt_02
21,0.072890929877758,0.0474966019392013,overall_consistency/prompt_02
22,0.0730854570865631,0.0707807838916778,overall_consistency/prompt_02
23,0.0937549695372581,0.0460488609969615,overall_consistency/prompt_02
24,0.1087019070982933,0.0507879927754402,overall_consistency/prompt_02
25,0.1196901723742485,0.0524276681244373,overall_consistency/prompt_02
26,0.1448755711317062,0.0583700723946094,overall_consistency/prompt_02
27,0.1991379261016845,0.0999438464641571,overall_consistency/prompt_02
28,0.2490839064121246,0.1181170865893364,overall_consistency/prompt_02
29,0.36564901471138,0.2492890805006027,overall_consistency/prompt_02
0,0.0,0.0,overall_consistency/prompt_08
1,0.3895803689956665,0.6603664755821228,overall_consistency/prompt_08
2,0.1077712699770927,0.4254961907863617,overall_consistency/prompt_08
3,0.078563705086708,0.3440971672534942,overall_consistency/prompt_08
4,0.0558149442076683,0.2741932868957519,overall_consistency/prompt_08
5,0.0735490843653678,0.2015741318464279,overall_consistency/prompt_08
6,0.0543727912008762,0.147216334939003,overall_consistency/prompt_08
7,0.0539530962705612,0.102455049753189,overall_consistency/prompt_08
8,0.0460218973457813,0.0904336273670196,overall_consistency/prompt_08
9,0.084565170109272,0.1284779906272888,overall_consistency/prompt_08
10,0.0450875610113143,0.0895528122782707,overall_consistency/prompt_08
11,0.0601061135530471,0.0573758669197559,overall_consistency/prompt_08
12,0.0444415584206581,0.0766791701316833,overall_consistency/prompt_08
13,0.0507564507424831,0.0631180480122566,overall_consistency/prompt_08
14,0.0455026179552078,0.0824803188443183,overall_consistency/prompt_08
15,0.0430481806397438,0.0540156923234462,overall_consistency/prompt_08
16,0.0509911067783832,0.071013830602169,overall_consistency/prompt_08
17,0.0551279820501804,0.0422777943313121,overall_consistency/prompt_08
18,0.059479359537363,0.045524463057518,overall_consistency/prompt_08
19,0.0535330139100551,0.0573822222650051,overall_consistency/prompt_08
20,0.0604829266667366,0.0537383034825325,overall_consistency/prompt_08
21,0.0734160616993904,0.0482313595712184,overall_consistency/prompt_08
22,0.0724911242723465,0.0695410370826721,overall_consistency/prompt_08
23,0.0934159606695175,0.0476753003895282,overall_consistency/prompt_08
24,0.1103864163160324,0.0544066950678825,overall_consistency/prompt_08
25,0.1193979084491729,0.0567828305065631,overall_consistency/prompt_08
26,0.1466458439826965,0.0632605403661727,overall_consistency/prompt_08
27,0.2011953294277191,0.1041607037186622,overall_consistency/prompt_08
28,0.2491285502910614,0.127284899353981,overall_consistency/prompt_08
29,0.3741427361965179,0.2593372762203216,overall_consistency/prompt_08
0,0.0,0.0,overall_consistency/prompt_04
1,0.3903253972530365,0.6982018947601318,overall_consistency/prompt_04
2,0.10856544226408,0.4321660995483398,overall_consistency/prompt_04
3,0.0812434256076812,0.3131610453128814,overall_consistency/prompt_04
4,0.060058943927288,0.2015885561704635,overall_consistency/prompt_04
5,0.0668244212865829,0.1358592361211776,overall_consistency/prompt_04
6,0.0559859201312065,0.1366798281669616,overall_consistency/prompt_04
7,0.0544789060950279,0.1000280752778053,overall_consistency/prompt_04
8,0.0516122840344905,0.0901549831032753,overall_consistency/prompt_04
9,0.0898931771516799,0.1335330456495285,overall_consistency/prompt_04
10,0.0463666282594203,0.0957603976130485,overall_consistency/prompt_04
11,0.0551712773740291,0.0643603503704071,overall_consistency/prompt_04
12,0.0466457605361938,0.0794291123747825,overall_consistency/prompt_04
13,0.0547291003167629,0.0670607089996337,overall_consistency/prompt_04
14,0.0474047549068927,0.0745799466967582,overall_consistency/prompt_04
15,0.0443212874233722,0.0570653490722179,overall_consistency/prompt_04
16,0.0500167571008205,0.0750122591853141,overall_consistency/prompt_04
17,0.0566735826432704,0.047577615827322,overall_consistency/prompt_04
18,0.0651981830596923,0.0537927113473415,overall_consistency/prompt_04
19,0.0535013154149055,0.0642443150281906,overall_consistency/prompt_04
20,0.0633373409509658,0.0592355504631996,overall_consistency/prompt_04
21,0.0663909092545509,0.0506751239299774,overall_consistency/prompt_04
22,0.0718712732195854,0.0729215666651725,overall_consistency/prompt_04
23,0.0930692553520202,0.0530860610306263,overall_consistency/prompt_04
24,0.1054786965250969,0.0569194890558719,overall_consistency/prompt_04
25,0.1188001409173011,0.0595956891775131,overall_consistency/prompt_04
26,0.1426088362932205,0.0659841075539588,overall_consistency/prompt_04
27,0.2008305788040161,0.1033055707812309,overall_consistency/prompt_04
28,0.2487509697675705,0.1249748691916465,overall_consistency/prompt_04
29,0.3644129931926727,0.2571836411952972,overall_consistency/prompt_04
0,0.0,0.0,overall_consistency/prompt_07
1,0.3880592286586761,0.7401246428489685,overall_consistency/prompt_07
2,0.1078984811902046,0.4828245043754577,overall_consistency/prompt_07
3,0.0799294784665107,0.2999255359172821,overall_consistency/prompt_07
4,0.0574871636927127,0.2004417777061462,overall_consistency/prompt_07
5,0.0745806768536567,0.1395079642534256,overall_consistency/prompt_07
6,0.0547939501702785,0.1435907483100891,overall_consistency/prompt_07
7,0.0514464043080806,0.1041688472032547,overall_consistency/prompt_07
8,0.051210019737482,0.0920241028070449,overall_consistency/prompt_07
9,0.0857202187180519,0.1284128725528717,overall_consistency/prompt_07
10,0.0451837144792079,0.0922071039676666,overall_consistency/prompt_07
11,0.0608460046350955,0.0611290968954563,overall_consistency/prompt_07
12,0.0464781671762466,0.0763117596507072,overall_consistency/prompt_07
13,0.0506294444203376,0.0563244260847568,overall_consistency/prompt_07
14,0.0462331064045429,0.0693494379520416,overall_consistency/prompt_07
15,0.045848362147808,0.051853246986866,overall_consistency/prompt_07
16,0.0515796840190887,0.065805897116661,overall_consistency/prompt_07
17,0.054697211831808,0.0415256284177303,overall_consistency/prompt_07
18,0.0637350082397461,0.0433627553284168,overall_consistency/prompt_07
19,0.0549734458327293,0.0526992045342922,overall_consistency/prompt_07
20,0.063207022845745,0.0505524016916751,overall_consistency/prompt_07
21,0.0749513581395149,0.0410710237920284,overall_consistency/prompt_07
22,0.0786271765828132,0.0671060308814048,overall_consistency/prompt_07
23,0.1009618267416954,0.0436301305890083,overall_consistency/prompt_07
24,0.1110609397292137,0.0423564240336418,overall_consistency/prompt_07
25,0.1241438761353492,0.0472635701298713,overall_consistency/prompt_07
26,0.1485562324523925,0.0521948114037513,overall_consistency/prompt_07
27,0.2012703716754913,0.091885045170784,overall_consistency/prompt_07
28,0.2462368905544281,0.112759917974472,overall_consistency/prompt_07
29,0.3624336421489715,0.2443963140249252,overall_consistency/prompt_07
0,0.0,0.0,overall_consistency/prompt_03
1,0.3909323513507843,0.789025604724884,overall_consistency/prompt_03
2,0.1071747243404388,0.3431600928306579,overall_consistency/prompt_03
3,0.0783564746379852,0.2016576677560806,overall_consistency/prompt_03
4,0.0593024939298629,0.1283508539199829,overall_consistency/prompt_03
5,0.0648899748921394,0.1006676778197288,overall_consistency/prompt_03
6,0.0551202744245529,0.1143934875726699,overall_consistency/prompt_03
7,0.0536307357251644,0.0777615532279014,overall_consistency/prompt_03
8,0.0500248633325099,0.0713910311460495,overall_consistency/prompt_03
9,0.0893642678856849,0.1170141026377677,overall_consistency/prompt_03
10,0.0453939996659755,0.0770219340920448,overall_consistency/prompt_03
11,0.0546781904995441,0.05313241481781,overall_consistency/prompt_03
12,0.0478014573454856,0.0689064636826515,overall_consistency/prompt_03
13,0.0533211082220077,0.0495494864881038,overall_consistency/prompt_03
14,0.0474490672349929,0.0646787881851196,overall_consistency/prompt_03
15,0.0454541444778442,0.0454891175031662,overall_consistency/prompt_03
16,0.0504535995423793,0.0647379457950592,overall_consistency/prompt_03
17,0.0591385066509246,0.0395049564540386,overall_consistency/prompt_03
18,0.0623694472014904,0.0421026349067688,overall_consistency/prompt_03
19,0.0551670379936695,0.0547671951353549,overall_consistency/prompt_03
20,0.0644437298178672,0.0488304384052753,overall_consistency/prompt_03
21,0.0677314326167106,0.0414081811904907,overall_consistency/prompt_03
22,0.0745429247617721,0.0661417990922927,overall_consistency/prompt_03
23,0.0944215506315231,0.0447128862142562,overall_consistency/prompt_03
24,0.1086722612380981,0.0561619326472282,overall_consistency/prompt_03
25,0.1195386797189712,0.0572424344718456,overall_consistency/prompt_03
26,0.1435684561729431,0.0641691759228706,overall_consistency/prompt_03
27,0.1963409930467605,0.1004465818405151,overall_consistency/prompt_03
28,0.2435166835784912,0.1249328479170799,overall_consistency/prompt_03
29,0.3521039485931396,0.2540514171123504,overall_consistency/prompt_03
0,0.0,0.0,overall_consistency/prompt_06
1,0.3893822133541107,0.8168209791183472,overall_consistency/prompt_06
2,0.1068146377801895,0.3487291932106018,overall_consistency/prompt_06
3,0.0790823698043823,0.1887180060148239,overall_consistency/prompt_06
4,0.0587849952280521,0.1088149771094322,overall_consistency/prompt_06
5,0.0699200704693794,0.0761642754077911,overall_consistency/prompt_06
6,0.053044993430376,0.0939759761095047,overall_consistency/prompt_06
7,0.0556637272238731,0.0653381124138832,overall_consistency/prompt_06
8,0.0517201758921146,0.0579365827143192,overall_consistency/prompt_06
9,0.0839173942804336,0.1040962785482406,overall_consistency/prompt_06
10,0.0469769686460495,0.0710301920771598,overall_consistency/prompt_06
11,0.0608816593885421,0.0424081273376941,overall_consistency/prompt_06
12,0.0467617586255073,0.0623859018087387,overall_consistency/prompt_06
13,0.0543763041496276,0.0455218479037284,overall_consistency/prompt_06
14,0.0481516346335411,0.0597733035683631,overall_consistency/prompt_06
15,0.0476230047643184,0.0441177077591419,overall_consistency/prompt_06
16,0.0523851364850997,0.058937918394804,overall_consistency/prompt_06
17,0.053991787135601,0.0322092920541763,overall_consistency/prompt_06
18,0.0661163628101348,0.0380229502916336,overall_consistency/prompt_06
19,0.056177519261837,0.0486439503729343,overall_consistency/prompt_06
20,0.0646384134888649,0.0443978905677795,overall_consistency/prompt_06
21,0.0752757117152214,0.0414115376770496,overall_consistency/prompt_06
22,0.0776744484901428,0.0667575150728225,overall_consistency/prompt_06
23,0.100569911301136,0.0393040366470813,overall_consistency/prompt_06
24,0.1143580451607704,0.0439214557409286,overall_consistency/prompt_06
25,0.1255080252885818,0.045511107891798,overall_consistency/prompt_06
26,0.1484154611825943,0.054267581552267,overall_consistency/prompt_06
27,0.2017147243022918,0.0940565541386604,overall_consistency/prompt_06
28,0.2445712685585022,0.1175338253378868,overall_consistency/prompt_06
29,0.3582311272621155,0.247545838356018,overall_consistency/prompt_06
0,0.0,0.0,spatial_relationship/prompt_00
1,0.3897663950920105,0.7234249711036682,spatial_relationship/prompt_00
2,0.106873482465744,0.4821439385414123,spatial_relationship/prompt_00
3,0.079520933330059,0.3434061706066131,spatial_relationship/prompt_00
4,0.0588771663606166,0.259815514087677,spatial_relationship/prompt_00
5,0.0694318935275077,0.1950321197509765,spatial_relationship/prompt_00
6,0.0535239353775978,0.1764533221721649,spatial_relationship/prompt_00
7,0.0543601140379905,0.1247733831405639,spatial_relationship/prompt_00
8,0.0506244227290153,0.1104257106781005,spatial_relationship/prompt_00
9,0.0893043205142021,0.145613819360733,spatial_relationship/prompt_00
10,0.0456336811184883,0.1077514663338661,spatial_relationship/prompt_00
11,0.0588984452188015,0.0720948949456214,spatial_relationship/prompt_00
12,0.0448941588401794,0.0902127251029014,spatial_relationship/prompt_00
13,0.0533613301813602,0.069386139512062,spatial_relationship/prompt_00
14,0.0473795570433139,0.0819888189435005,spatial_relationship/prompt_00
15,0.0441770739853382,0.0646887496113777,spatial_relationship/prompt_00
16,0.0502170734107494,0.0756281018257141,spatial_relationship/prompt_00
17,0.0551843605935573,0.0538690462708473,spatial_relationship/prompt_00
18,0.0613848082721233,0.0543671883642673,spatial_relationship/prompt_00
19,0.0524199046194553,0.0635704100131988,spatial_relationship/prompt_00
20,0.0612904764711856,0.0615740567445755,spatial_relationship/prompt_00
21,0.0699721127748489,0.0510874912142753,spatial_relationship/prompt_00
22,0.0705774575471878,0.0717554986476898,spatial_relationship/prompt_00
23,0.0897897183895111,0.05141556635499,spatial_relationship/prompt_00
24,0.1097563058137893,0.0563594624400138,spatial_relationship/prompt_00
25,0.1179721653461456,0.0591282173991203,spatial_relationship/prompt_00
26,0.1441606730222702,0.064795933663845,spatial_relationship/prompt_00
27,0.2010462582111358,0.1050329729914665,spatial_relationship/prompt_00
28,0.2511152327060699,0.1220625340938568,spatial_relationship/prompt_00
29,0.3720830678939819,0.2546616792678833,spatial_relationship/prompt_00
0,0.0,0.0,spatial_relationship/prompt_05
1,0.389151006937027,0.7259939312934875,spatial_relationship/prompt_05
2,0.1065969988703727,0.5075041055679321,spatial_relationship/prompt_05
3,0.0777465105056762,0.2949569225311279,spatial_relationship/prompt_05
4,0.0587141066789627,0.1979337334632873,spatial_relationship/prompt_05
5,0.0681146308779716,0.1459890007972717,spatial_relationship/prompt_05
6,0.0537959560751915,0.1512223035097122,spatial_relationship/prompt_05
7,0.0578072816133499,0.1139424070715904,spatial_relationship/prompt_05
8,0.0461342483758926,0.0986299291253089,spatial_relationship/prompt_05
9,0.0843124538660049,0.1343415081501007,spatial_relationship/prompt_05
10,0.0453281216323375,0.0955982878804206,spatial_relationship/prompt_05
11,0.0604601576924324,0.0648750513792038,spatial_relationship/prompt_05
12,0.0474573522806167,0.0819364115595817,spatial_relationship/prompt_05
13,0.0540567971765995,0.0605336911976337,spatial_relationship/prompt_05
14,0.0467131249606609,0.0724378079175949,spatial_relationship/prompt_05
15,0.0456632897257804,0.0566554106771945,spatial_relationship/prompt_05
16,0.0510769262909889,0.0706179440021514,spatial_relationship/prompt_05
17,0.0533337481319904,0.0414608307182788,spatial_relationship/prompt_05
18,0.0649171844124794,0.0470608361065387,spatial_relationship/prompt_05
19,0.0541567392647266,0.0565621256828308,spatial_relationship/prompt_05
20,0.0619981698691844,0.0520194210112094,spatial_relationship/prompt_05
21,0.0742444545030593,0.0469251871109008,spatial_relationship/prompt_05
22,0.0755815058946609,0.0722681879997253,spatial_relationship/prompt_05
23,0.101286768913269,0.0470399633049964,spatial_relationship/prompt_05
24,0.1107809990644455,0.0453049466013908,spatial_relationship/prompt_05
25,0.1240746527910232,0.0476589649915695,spatial_relationship/prompt_05
26,0.1490099430084228,0.0531220883131027,spatial_relationship/prompt_05
27,0.2035846561193466,0.0951671376824379,spatial_relationship/prompt_05
28,0.2516924440860748,0.1161197051405906,spatial_relationship/prompt_05
29,0.3698357045650482,0.2536543607711792,spatial_relationship/prompt_05
0,0.0,0.0,spatial_relationship/prompt_01
1,0.3978360593318939,0.6733700633049011,spatial_relationship/prompt_01
2,0.1038410365581512,0.4511313438415527,spatial_relationship/prompt_01
3,0.0795501247048378,0.3325683176517486,spatial_relationship/prompt_01
4,0.0588815249502658,0.2424695342779159,spatial_relationship/prompt_01
5,0.0626020058989524,0.1918452829122543,spatial_relationship/prompt_01
6,0.0559655390679836,0.162136510014534,spatial_relationship/prompt_01
7,0.0578969903290271,0.1198737844824791,spatial_relationship/prompt_01
8,0.0468338541686534,0.1082545965909957,spatial_relationship/prompt_01
9,0.0845074951648712,0.1452285498380661,spatial_relationship/prompt_01
10,0.0464864075183868,0.1083507314324379,spatial_relationship/prompt_01
11,0.0496825166046619,0.0750817507505416,spatial_relationship/prompt_01
12,0.0472387187182903,0.0904121249914169,spatial_relationship/prompt_01
13,0.0537431947886943,0.0701293498277664,spatial_relationship/prompt_01
14,0.0466789603233337,0.0826973393559455,spatial_relationship/prompt_01
15,0.0509167239069938,0.0615336224436759,spatial_relationship/prompt_01
16,0.0503918603062629,0.079456552863121,spatial_relationship/prompt_01
17,0.0591159388422966,0.0509542860090732,spatial_relationship/prompt_01
18,0.0651621147990226,0.0539312735199928,spatial_relationship/prompt_01
19,0.0560775361955165,0.0691537335515022,spatial_relationship/prompt_01
20,0.0686594620347023,0.0563196130096912,spatial_relationship/prompt_01
21,0.0644744560122489,0.0501424930989742,spatial_relationship/prompt_01
22,0.0712355226278305,0.0679083094000816,spatial_relationship/prompt_01
23,0.0925469845533371,0.0536668896675109,spatial_relationship/prompt_01
24,0.1005607470870018,0.0560650117695331,spatial_relationship/prompt_01
25,0.1219089403748512,0.0619625747203826,spatial_relationship/prompt_01
26,0.1418298929929733,0.0656323432922363,spatial_relationship/prompt_01
27,0.19730806350708,0.1027628183364868,spatial_relationship/prompt_01
28,0.2469982504844665,0.122773103415966,spatial_relationship/prompt_01
29,0.3635013103485107,0.2537943124771118,spatial_relationship/prompt_01
0,0.0,0.0,spatial_relationship/prompt_09
1,0.3934056460857391,0.7554360032081604,spatial_relationship/prompt_09
2,0.1030614599585533,0.4730012714862823,spatial_relationship/prompt_09
3,0.0795242339372634,0.3089461028575897,spatial_relationship/prompt_09
4,0.0561378262937068,0.2368031740188598,spatial_relationship/prompt_09
5,0.0691824927926063,0.1785346418619156,spatial_relationship/prompt_09
6,0.0540133044123649,0.1634853035211563,spatial_relationship/prompt_09
7,0.0512283965945243,0.1254581958055496,spatial_relationship/prompt_09
8,0.0504814870655536,0.1056718453764915,spatial_relationship/prompt_09
9,0.0849215537309646,0.1429862529039383,spatial_relationship/prompt_09
10,0.0450194776058197,0.1035801097750663,spatial_relationship/prompt_09
11,0.0540647804737091,0.0694203674793243,spatial_relationship/prompt_09
12,0.0447352826595306,0.0856134444475174,spatial_relationship/prompt_09
13,0.048505563288927,0.0676984339952468,spatial_relationship/prompt_09
14,0.0449114106595516,0.0776677876710891,spatial_relationship/prompt_09
15,0.0453875921666622,0.0600321404635906,spatial_relationship/prompt_09
16,0.0492031872272491,0.0783854201436042,spatial_relationship/prompt_09
17,0.0563179366290569,0.048180092126131,spatial_relationship/prompt_09
18,0.0613235309720039,0.0508115068078041,spatial_relationship/prompt_09
19,0.0527347289025783,0.0635110139846801,spatial_relationship/prompt_09
20,0.064052939414978,0.0559607781469821,spatial_relationship/prompt_09
21,0.0684175416827201,0.0505641028285026,spatial_relationship/prompt_09
22,0.0724270269274711,0.0710270032286644,spatial_relationship/prompt_09
23,0.0982394739985466,0.052329272031784,spatial_relationship/prompt_09
24,0.1028283536434173,0.0515864379703998,spatial_relationship/prompt_09
25,0.1209097057580947,0.0585026666522026,spatial_relationship/prompt_09
26,0.143189936876297,0.0604211315512657,spatial_relationship/prompt_09
27,0.1999057531356811,0.0997217521071434,spatial_relationship/prompt_09
28,0.2486255317926406,0.117555484175682,spatial_relationship/prompt_09
29,0.3702869415283203,0.2535610496997833,spatial_relationship/prompt_09
0,0.0,0.0,spatial_relationship/prompt_02
1,0.3967653512954712,0.7292128205299377,spatial_relationship/prompt_02
2,0.1040131300687789,0.4638861715793609,spatial_relationship/prompt_02
3,0.0794497355818748,0.3322567939758301,spatial_relationship/prompt_02
4,0.0602542646229267,0.2340829670429229,spatial_relationship/prompt_02
5,0.0618538260459899,0.1853452622890472,spatial_relationship/prompt_02
6,0.0561972483992576,0.1711536049842834,spatial_relationship/prompt_02
7,0.0542140454053878,0.1243970096111297,spatial_relationship/prompt_02
8,0.0503405630588531,0.1080113723874092,spatial_relationship/prompt_02
9,0.0899893268942833,0.142252117395401,spatial_relationship/prompt_02
10,0.0447374731302261,0.1005033552646637,spatial_relationship/prompt_02
11,0.051058042794466,0.070217452943325,spatial_relationship/prompt_02
12,0.0480292215943336,0.0849686786532402,spatial_relationship/prompt_02
13,0.0539216063916683,0.0626476630568504,spatial_relationship/prompt_02
14,0.0472960248589515,0.0760023668408393,spatial_relationship/prompt_02
15,0.0470851995050907,0.053577933460474,spatial_relationship/prompt_02
16,0.0505023300647735,0.0746007338166236,spatial_relationship/prompt_02
17,0.0659235268831253,0.0482938140630722,spatial_relationship/prompt_02
18,0.0616103932261467,0.0461120344698429,spatial_relationship/prompt_02
19,0.0570532605051994,0.0652891024947166,spatial_relationship/prompt_02
20,0.069392904639244,0.0519222728908062,spatial_relationship/prompt_02
21,0.0665212199091911,0.0474696680903434,spatial_relationship/prompt_02
22,0.0707911401987075,0.0619898475706577,spatial_relationship/prompt_02
23,0.0910630822181701,0.0468685738742351,spatial_relationship/prompt_02
24,0.1031954437494278,0.0495769530534744,spatial_relationship/prompt_02
25,0.1227628216147422,0.0543958880007267,spatial_relationship/prompt_02
26,0.1427810937166214,0.0604514703154563,spatial_relationship/prompt_02
27,0.2002846896648407,0.0988143682479858,spatial_relationship/prompt_02
28,0.2483167052268982,0.1157239601016044,spatial_relationship/prompt_02
29,0.3656836450099945,0.2502724826335907,spatial_relationship/prompt_02
0,0.0,0.0,spatial_relationship/prompt_08
1,0.3967434465885162,0.6793674826622009,spatial_relationship/prompt_08
2,0.105461336672306,0.4373968541622162,spatial_relationship/prompt_08
3,0.079170323908329,0.2998950183391571,spatial_relationship/prompt_08
4,0.0577376037836074,0.2451149076223373,spatial_relationship/prompt_08
5,0.0654160901904106,0.1859763115644455,spatial_relationship/prompt_08
6,0.0560089461505413,0.1662891656160354,spatial_relationship/prompt_08
7,0.0514387413859367,0.1312245726585388,spatial_relationship/prompt_08
8,0.050221387296915,0.1160733103752136,spatial_relationship/prompt_08
9,0.0844920054078102,0.1559484750032425,spatial_relationship/prompt_08
10,0.0444816537201404,0.1087023764848709,spatial_relationship/prompt_08
11,0.0505124814808368,0.0770381465554237,spatial_relationship/prompt_08
12,0.0463216193020343,0.0927799642086029,spatial_relationship/prompt_08
13,0.0483643151819705,0.0725229233503341,spatial_relationship/prompt_08
14,0.0450928807258605,0.08362977206707,spatial_relationship/prompt_08
15,0.046448964625597,0.0638898536562919,spatial_relationship/prompt_08
16,0.0501802638173103,0.081073097884655,spatial_relationship/prompt_08
17,0.0639719665050506,0.0538120381534099,spatial_relationship/prompt_08
18,0.0592056363821029,0.0529733970761299,spatial_relationship/prompt_08
19,0.0535879619419574,0.0661243051290512,spatial_relationship/prompt_08
20,0.0674803778529167,0.0537760816514492,spatial_relationship/prompt_08
21,0.0651746541261673,0.049988180398941,spatial_relationship/prompt_08
22,0.0688823387026786,0.0657573789358139,spatial_relationship/prompt_08
23,0.0900203958153724,0.0469544939696788,spatial_relationship/prompt_08
24,0.0980482473969459,0.0503137856721878,spatial_relationship/prompt_08
25,0.1205751597881317,0.0560559034347534,spatial_relationship/prompt_08
26,0.1414165496826172,0.0608226917684078,spatial_relationship/prompt_08
27,0.1984873116016388,0.0998579487204551,spatial_relationship/prompt_08
28,0.2502525746822357,0.1230088099837303,spatial_relationship/prompt_08
29,0.3726361095905304,0.2631759345531463,spatial_relationship/prompt_08
0,0.0,0.0,spatial_relationship/prompt_04
1,0.398701012134552,0.7242887020111084,spatial_relationship/prompt_04
2,0.1039673164486885,0.4811663329601288,spatial_relationship/prompt_04
3,0.0794320106506347,0.2958987951278686,spatial_relationship/prompt_04
4,0.0560555346310138,0.2001521587371826,spatial_relationship/prompt_04
5,0.0664095804095268,0.1513124257326126,spatial_relationship/prompt_04
6,0.055179476737976,0.1367329359054565,spatial_relationship/prompt_04
7,0.0546706840395927,0.1017789170145988,spatial_relationship/prompt_04
8,0.0465380102396011,0.0921102985739708,spatial_relationship/prompt_04
9,0.0849202573299408,0.134603351354599,spatial_relationship/prompt_04
10,0.0456058867275714,0.0966107994318008,spatial_relationship/prompt_04
11,0.0504877902567386,0.0647989064455032,spatial_relationship/prompt_04
12,0.0442630387842655,0.0801850482821464,spatial_relationship/prompt_04
13,0.0509684085845947,0.0642269551753997,spatial_relationship/prompt_04
14,0.0451964437961578,0.0750784426927566,spatial_relationship/prompt_04
15,0.0476854257285594,0.0545868277549743,spatial_relationship/prompt_04
16,0.0501030087471008,0.0763868242502212,spatial_relationship/prompt_04
17,0.0667266994714737,0.0479131862521171,spatial_relationship/prompt_04
18,0.0620120279490947,0.0486137829720974,spatial_relationship/prompt_04
19,0.0547162294387817,0.0645533502101898,spatial_relationship/prompt_04
20,0.0676374658942222,0.0521262437105178,spatial_relationship/prompt_04
21,0.0689300671219825,0.0469344146549701,spatial_relationship/prompt_04
22,0.071328192949295,0.0659021213650703,spatial_relationship/prompt_04
23,0.0991653650999069,0.0443647280335426,spatial_relationship/prompt_04
24,0.1031961366534233,0.046576514840126,spatial_relationship/prompt_04
25,0.1263300478458404,0.0520763844251632,spatial_relationship/prompt_04
26,0.1478678435087204,0.0574691481888294,spatial_relationship/prompt_04
27,0.2035593539476394,0.0959207192063331,spatial_relationship/prompt_04
28,0.2527204751968384,0.1184644401073455,spatial_relationship/prompt_04
29,0.3741169571876526,0.2546509504318237,spatial_relationship/prompt_04
0,0.0,0.0,spatial_relationship/prompt_07
1,0.3880146443843841,0.6899439096450806,spatial_relationship/prompt_07
2,0.1055471301078796,0.5143347978591919,spatial_relationship/prompt_07
3,0.078145258128643,0.3838642835617065,spatial_relationship/prompt_07
4,0.0565181896090507,0.2510450482368469,spatial_relationship/prompt_07
5,0.0679530426859855,0.1659280061721801,spatial_relationship/prompt_07
6,0.053833320736885,0.1795016676187515,spatial_relationship/prompt_07
7,0.0537821091711521,0.1260765343904495,spatial_relationship/prompt_07
8,0.0464380159974098,0.1007283255457878,spatial_relationship/prompt_07
9,0.0809461176395416,0.1420430541038513,spatial_relationship/prompt_07
10,0.0459138937294483,0.1051785722374916,spatial_relationship/prompt_07
11,0.0542224235832691,0.0760335326194763,spatial_relationship/prompt_07
12,0.0449421852827072,0.087079219520092,spatial_relationship/prompt_07
13,0.051070250570774,0.068400353193283,spatial_relationship/prompt_07
14,0.0453480780124664,0.0765894874930381,spatial_relationship/prompt_07
15,0.0479307137429714,0.0577990934252738,spatial_relationship/prompt_07
16,0.0498559363186359,0.0734401866793632,spatial_relationship/prompt_07
17,0.0543505810201168,0.0434099361300468,spatial_relationship/prompt_07
18,0.0662114769220352,0.0505493097007274,spatial_relationship/prompt_07
19,0.0528816282749176,0.0584601499140262,spatial_relationship/prompt_07
20,0.0649160742759704,0.0542046390473842,spatial_relationship/prompt_07
21,0.0680994093418121,0.0465691089630126,spatial_relationship/prompt_07
22,0.0717521905899047,0.0672709569334983,spatial_relationship/prompt_07
23,0.0947562903165817,0.043582797050476,spatial_relationship/prompt_07
24,0.1093218848109245,0.0543012283742427,spatial_relationship/prompt_07
25,0.1218642070889473,0.0493764318525791,spatial_relationship/prompt_07
26,0.1446616202592849,0.0549990274012088,spatial_relationship/prompt_07
27,0.2030734568834304,0.0961805805563926,spatial_relationship/prompt_07
28,0.2505906224250793,0.116265058517456,spatial_relationship/prompt_07
29,0.3707292377948761,0.2504224181175232,spatial_relationship/prompt_07
0,0.0,0.0,spatial_relationship/prompt_03
1,0.3951412141323089,0.748371958732605,spatial_relationship/prompt_03
2,0.1023249849677085,0.5218144059181213,spatial_relationship/prompt_03
3,0.0783460438251495,0.3259288966655731,spatial_relationship/prompt_03
4,0.0588648468255996,0.2012938261032104,spatial_relationship/prompt_03
5,0.0616225488483905,0.1540045887231826,spatial_relationship/prompt_03
6,0.0560328438878059,0.1542625874280929,spatial_relationship/prompt_03
7,0.0533809922635555,0.1198591664433479,spatial_relationship/prompt_03
8,0.0506119206547737,0.1128372699022293,spatial_relationship/prompt_03
9,0.0851451605558395,0.1490434557199478,spatial_relationship/prompt_03
10,0.0442734435200691,0.1062189042568206,spatial_relationship/prompt_03
11,0.0508334226906299,0.075053222477436,spatial_relationship/prompt_03
12,0.046814814209938,0.0908645540475845,spatial_relationship/prompt_03
13,0.0539342314004898,0.0703995078802108,spatial_relationship/prompt_03
14,0.047176007181406,0.0833037495613098,spatial_relationship/prompt_03
15,0.0529779009521007,0.0621348544955253,spatial_relationship/prompt_03
16,0.0506578236818313,0.0828406289219856,spatial_relationship/prompt_03
17,0.061361126601696,0.050441525876522,spatial_relationship/prompt_03
18,0.0653941556811332,0.0518797673285007,spatial_relationship/prompt_03
19,0.0572336837649345,0.0688791871070861,spatial_relationship/prompt_03
20,0.0714288055896759,0.0551336407661438,spatial_relationship/prompt_03
21,0.0689700171351432,0.0524118319153785,spatial_relationship/prompt_03
22,0.0712707564234733,0.0680862218141555,spatial_relationship/prompt_03
23,0.0992592871189117,0.0478680320084095,spatial_relationship/prompt_03
24,0.1050375998020172,0.0537322014570236,spatial_relationship/prompt_03
25,0.1276593506336212,0.0546033903956413,spatial_relationship/prompt_03
26,0.1473292857408523,0.0600382275879383,spatial_relationship/prompt_03
27,0.2048506587743759,0.0984785109758377,spatial_relationship/prompt_03
28,0.2513920962810516,0.1185622960329055,spatial_relationship/prompt_03
29,0.3741057813167572,0.2575095295906067,spatial_relationship/prompt_03
0,0.0,0.0,spatial_relationship/prompt_06
1,0.3886036276817322,0.6543064117431641,spatial_relationship/prompt_06
2,0.1066468730568885,0.4499802589416504,spatial_relationship/prompt_06
3,0.0785412862896919,0.3211261332035064,spatial_relationship/prompt_06
4,0.0587695389986038,0.2218460738658905,spatial_relationship/prompt_06
5,0.0685954242944717,0.1219830363988876,spatial_relationship/prompt_06
6,0.0544555149972438,0.1320252269506454,spatial_relationship/prompt_06
7,0.0528926290571689,0.0933035314083099,spatial_relationship/prompt_06
8,0.050768781453371,0.0815329998731613,spatial_relationship/prompt_06
9,0.085092544555664,0.1267249137163162,spatial_relationship/prompt_06
10,0.0451371371746063,0.0885070487856864,spatial_relationship/prompt_06
11,0.0598420873284339,0.0542912036180496,spatial_relationship/prompt_06
12,0.0467489138245582,0.0758974850177764,spatial_relationship/prompt_06
13,0.0539595745503902,0.0559361912310123,spatial_relationship/prompt_06
14,0.0469737686216831,0.0710895359516143,spatial_relationship/prompt_06
15,0.0455264560878276,0.0522999241948127,spatial_relationship/prompt_06
16,0.0512121133506298,0.0664555132389068,spatial_relationship/prompt_06
17,0.0534507110714912,0.0419455096125602,spatial_relationship/prompt_06
18,0.0655466094613075,0.0404986180365085,spatial_relationship/prompt_06
19,0.0549722462892532,0.0584392845630645,spatial_relationship/prompt_06
20,0.0622162446379661,0.0499626845121383,spatial_relationship/prompt_06
21,0.0714742615818977,0.0429253093898296,spatial_relationship/prompt_06
22,0.0758357048034668,0.0680335834622383,spatial_relationship/prompt_06
23,0.0989896357059478,0.0411991514265537,spatial_relationship/prompt_06
24,0.1125679686665535,0.0450479350984096,spatial_relationship/prompt_06
25,0.1228498667478561,0.0453815646469593,spatial_relationship/prompt_06
26,0.1503111869096756,0.0506143644452095,spatial_relationship/prompt_06
27,0.2074741870164871,0.0913197100162506,spatial_relationship/prompt_06
28,0.2554413080215454,0.1119749769568443,spatial_relationship/prompt_06
29,0.3816242814064026,0.2505859434604645,spatial_relationship/prompt_06
0,0.0,0.0,appearance_style/prompt_00
1,0.3911662995815277,0.7959539890289307,appearance_style/prompt_00
2,0.1075932756066322,0.4199592471122741,appearance_style/prompt_00
3,0.0780212581157684,0.2125911116600036,appearance_style/prompt_00
4,0.0567152500152587,0.1282145529985427,appearance_style/prompt_00
5,0.0690307840704917,0.087635226547718,appearance_style/prompt_00
6,0.0550715625286102,0.1016458645462989,appearance_style/prompt_00
7,0.053932175040245,0.0688033550977706,appearance_style/prompt_00
8,0.0470943488180637,0.0679499879479408,appearance_style/prompt_00
9,0.0845770016312599,0.1102147623896598,appearance_style/prompt_00
10,0.0456912145018577,0.0722643435001373,appearance_style/prompt_00
11,0.0544989109039306,0.0431589595973491,appearance_style/prompt_00
12,0.0470741614699363,0.064141571521759,appearance_style/prompt_00
13,0.0505831316113472,0.0460464432835578,appearance_style/prompt_00
14,0.0460676029324531,0.0580612830817699,appearance_style/prompt_00
15,0.0472459159791469,0.0416124649345874,appearance_style/prompt_00
16,0.0504942238330841,0.0615934394299984,appearance_style/prompt_00
17,0.0627993643283844,0.0361092276871204,appearance_style/prompt_00
18,0.0655244514346122,0.0404460243880748,appearance_style/prompt_00
19,0.0565485469996929,0.0518988445401191,appearance_style/prompt_00
20,0.0660454556345939,0.0443474166095256,appearance_style/prompt_00
21,0.073762409389019,0.0386683791875839,appearance_style/prompt_00
22,0.0770098865032196,0.0615954212844371,appearance_style/prompt_00
23,0.1020767986774444,0.0405889563262462,appearance_style/prompt_00
24,0.1114617958664894,0.0418906770646572,appearance_style/prompt_00
25,0.1260327845811844,0.0474454872310161,appearance_style/prompt_00
26,0.1476202756166458,0.0549799762666225,appearance_style/prompt_00
27,0.1984308660030365,0.0940173342823982,appearance_style/prompt_00
28,0.2423654794692993,0.121288001537323,appearance_style/prompt_00
29,0.3520760536193847,0.2530949115753174,appearance_style/prompt_00
0,0.0,0.0,appearance_style/prompt_05
1,0.3942854702472687,0.7997229099273682,appearance_style/prompt_05
2,0.1072415709495544,0.4038823246955871,appearance_style/prompt_05
3,0.0797978714108467,0.2010854482650756,appearance_style/prompt_05
4,0.0590040832757949,0.12956503033638,appearance_style/prompt_05
5,0.0658717229962349,0.0951936915516853,appearance_style/prompt_05
6,0.0534424036741256,0.1044099405407905,appearance_style/prompt_05
7,0.0555798336863517,0.0785349607467651,appearance_style/prompt_05
8,0.0512478500604629,0.0693864598870277,appearance_style/prompt_05
9,0.0880220979452133,0.1158076822757721,appearance_style/prompt_05
10,0.0475335046648979,0.0786610096693039,appearance_style/prompt_05
11,0.0553266443312168,0.0470566935837268,appearance_style/prompt_05
12,0.0486633293330669,0.0678490027785301,appearance_style/prompt_05
13,0.0546346604824066,0.0475272946059703,appearance_style/prompt_05
14,0.0473449863493442,0.0625214949250221,appearance_style/prompt_05
15,0.0468411669135093,0.0432823784649372,appearance_style/prompt_05
16,0.0506486408412456,0.0630605146288871,appearance_style/prompt_05
17,0.0614791698753833,0.0355854704976081,appearance_style/prompt_05
18,0.0650705099105835,0.0387404933571815,appearance_style/prompt_05
19,0.0574934817850589,0.0520205572247505,appearance_style/prompt_05
20,0.0672444626688957,0.0449502281844615,appearance_style/prompt_05
21,0.0718546062707901,0.0387768596410751,appearance_style/prompt_05
22,0.0765370652079582,0.0626849383115768,appearance_style/prompt_05
23,0.0976197123527526,0.0390900075435638,appearance_style/prompt_05
24,0.1110241711139679,0.044670220464468,appearance_style/prompt_05
25,0.1245880126953125,0.0468121096491813,appearance_style/prompt_05
26,0.1464950740337371,0.0546804182231426,appearance_style/prompt_05
27,0.1995974481105804,0.0944814905524253,appearance_style/prompt_05
28,0.243607223033905,0.1186094433069229,appearance_style/prompt_05
29,0.3559463024139404,0.2517417371273041,appearance_style/prompt_05
0,0.0,0.0,appearance_style/prompt_01
1,0.3890758454799652,0.7939952611923218,appearance_style/prompt_01
2,0.1060729697346687,0.3616271018981933,appearance_style/prompt_01
3,0.0792682468891143,0.1864043176174163,appearance_style/prompt_01
4,0.0586619414389133,0.1169850081205368,appearance_style/prompt_01
5,0.0702892020344734,0.0849041566252708,appearance_style/prompt_01
6,0.0529309920966625,0.1001587584614753,appearance_style/prompt_01
7,0.0549677051603794,0.0704833939671516,appearance_style/prompt_01
8,0.051174733787775,0.0626571699976921,appearance_style/prompt_01
9,0.0830941200256347,0.1074001714587211,appearance_style/prompt_01
10,0.0462049692869186,0.0729473307728767,appearance_style/prompt_01
11,0.0611398555338382,0.0424677319824695,appearance_style/prompt_01
12,0.0475747808814048,0.0619713999330997,appearance_style/prompt_01
13,0.0551003031432628,0.0445924066007137,appearance_style/prompt_01
14,0.0478432215750217,0.0584335960447788,appearance_style/prompt_01
15,0.0483123920857906,0.0442445129156112,appearance_style/prompt_01
16,0.0521762445569038,0.0587229579687118,appearance_style/prompt_01
17,0.0550687201321125,0.0317189767956733,appearance_style/prompt_01
18,0.0686615854501724,0.0361385866999626,appearance_style/prompt_01
19,0.0557585433125495,0.048462625592947,appearance_style/prompt_01
20,0.066432699561119,0.0444093085825443,appearance_style/prompt_01
21,0.0774228870868682,0.0407983139157295,appearance_style/prompt_01
22,0.0792784616351127,0.0619576722383499,appearance_style/prompt_01
23,0.1023944169282913,0.0385452918708324,appearance_style/prompt_01
24,0.115128718316555,0.0402717627584934,appearance_style/prompt_01
25,0.127430111169815,0.0422362387180328,appearance_style/prompt_01
26,0.1497820615768432,0.0475868619978427,appearance_style/prompt_01
27,0.2018795311450958,0.0887386575341224,appearance_style/prompt_01
28,0.2439998537302017,0.1116340458393096,appearance_style/prompt_01
29,0.3562408685684204,0.2422852367162704,appearance_style/prompt_01
0,0.0,0.0,appearance_style/prompt_09
1,0.3852228224277496,0.6045108437538147,appearance_style/prompt_09
2,0.1005649119615554,0.3162524700164795,appearance_style/prompt_09
3,0.0770276486873626,0.2360853105783462,appearance_style/prompt_09
4,0.0579674430191516,0.1959225386381149,appearance_style/prompt_09
5,0.0602785684168338,0.1547849476337433,appearance_style/prompt_09
6,0.0564960949122905,0.151464968919754,appearance_style/prompt_09
7,0.0520803183317184,0.1248457431793212,appearance_style/prompt_09
8,0.0499195381999015,0.1147998124361038,appearance_style/prompt_09
9,0.0859339907765388,0.1466352641582489,appearance_style/prompt_09
10,0.0429322905838489,0.1019658669829368,appearance_style/prompt_09
11,0.0494645088911056,0.0740146711468696,appearance_style/prompt_09
12,0.0449514351785182,0.0840968042612075,appearance_style/prompt_09
13,0.0520537681877613,0.0624785460531711,appearance_style/prompt_09
14,0.0457498468458652,0.0803858041763305,appearance_style/prompt_09
15,0.0498973578214645,0.0592918284237384,appearance_style/prompt_09
16,0.0495771951973438,0.0765034481883049,appearance_style/prompt_09
17,0.0557811856269836,0.0470289699733257,appearance_style/prompt_09
18,0.0639610514044761,0.0464282445609569,appearance_style/prompt_09
19,0.0552388504147529,0.0687907338142395,appearance_style/prompt_09
20,0.0679408013820648,0.058741521090269,appearance_style/prompt_09
21,0.0642236173152923,0.0515747293829917,appearance_style/prompt_09
22,0.0676161646842956,0.0642397329211235,appearance_style/prompt_09
23,0.0916432812809944,0.0476400814950466,appearance_style/prompt_09
24,0.0966793894767761,0.0463368259370327,appearance_style/prompt_09
25,0.1187127232551574,0.0537814125418663,appearance_style/prompt_09
26,0.1375786066055297,0.0555375330150127,appearance_style/prompt_09
27,0.1993029415607452,0.0983013734221458,appearance_style/prompt_09
28,0.2478348612785339,0.1128803193569183,appearance_style/prompt_09
29,0.3756188154220581,0.2506241500377655,appearance_style/prompt_09
0,0.0,0.0,appearance_style/prompt_02
1,0.3923916518688202,0.7954146265983582,appearance_style/prompt_02
2,0.1069510579109191,0.3988969326019287,appearance_style/prompt_02
3,0.0776685178279876,0.2256610095500946,appearance_style/prompt_02
4,0.0584920234978199,0.1331252455711364,appearance_style/prompt_02
5,0.0644514635205268,0.0905791819095611,appearance_style/prompt_02
6,0.0532965473830699,0.1014071851968765,appearance_style/prompt_02
7,0.0534754246473312,0.0706080496311187,appearance_style/prompt_02
8,0.0507290810346603,0.0651266798377037,appearance_style/prompt_02
9,0.0826872214674949,0.1131208091974258,appearance_style/prompt_02
10,0.0457117520272731,0.0747883766889572,appearance_style/prompt_02
11,0.054277017712593,0.0466267652809619,appearance_style/prompt_02
12,0.0467183478176593,0.0654933080077171,appearance_style/prompt_02
13,0.0531618073582649,0.04539155960083,appearance_style/prompt_02
14,0.0473075732588768,0.0616668276488781,appearance_style/prompt_02
15,0.0484246239066123,0.0438124164938926,appearance_style/prompt_02
16,0.0493151172995567,0.0629830211400985,appearance_style/prompt_02
17,0.0575342774391174,0.0366931445896625,appearance_style/prompt_02
18,0.0665970668196678,0.0385073870420455,appearance_style/prompt_02
19,0.0574155263602733,0.053550474345684,appearance_style/prompt_02
20,0.0673720985651016,0.0460494458675384,appearance_style/prompt_02
21,0.0705603137612342,0.0389018878340721,appearance_style/prompt_02
22,0.0757810771465301,0.0630784109234809,appearance_style/prompt_02
23,0.1006279960274696,0.0396016612648963,appearance_style/prompt_02
24,0.1092773526906967,0.04409771412611,appearance_style/prompt_02
25,0.1246866583824157,0.0469837486743927,appearance_style/prompt_02
26,0.1464487910270691,0.0554777570068836,appearance_style/prompt_02
27,0.1993329524993896,0.0937085598707199,appearance_style/prompt_02
28,0.2447107136249542,0.1183625608682632,appearance_style/prompt_02
29,0.3542917370796203,0.2526236176490783,appearance_style/prompt_02
0,0.0,0.0,appearance_style/prompt_08
1,0.3917608857154846,0.778712272644043,appearance_style/prompt_08
2,0.105216383934021,0.417023092508316,appearance_style/prompt_08
3,0.0812356099486351,0.2562862038612366,appearance_style/prompt_08
4,0.056536179035902,0.162014290690422,appearance_style/prompt_08
5,0.0697117447853088,0.1098302751779556,appearance_style/prompt_08
6,0.0535247512161731,0.1122767105698585,appearance_style/prompt_08
7,0.0549566894769668,0.0810305774211883,appearance_style/prompt_08
8,0.046971321105957,0.0724417939782142,appearance_style/prompt_08
9,0.0787447094917297,0.1150570511817932,appearance_style/prompt_08
10,0.0483527369797229,0.0812976360321044,appearance_style/prompt_08
11,0.0555915050208568,0.0534877441823482,appearance_style/prompt_08
12,0.0472408980131149,0.0708201825618743,appearance_style/prompt_08
13,0.050207432359457,0.0504598170518875,appearance_style/prompt_08
14,0.0464587733149528,0.0645484179258346,appearance_style/prompt_08
15,0.0484371595084667,0.0485777519643306,appearance_style/prompt_08
16,0.0495829135179519,0.0662343129515647,appearance_style/prompt_08
17,0.0574952140450477,0.0372074507176876,appearance_style/prompt_08
18,0.0639874339103698,0.0440938733518123,appearance_style/prompt_08
19,0.0557751655578613,0.0546629838645458,appearance_style/prompt_08
20,0.06671142578125,0.0498392283916473,appearance_style/prompt_08
21,0.0704785361886024,0.0432912334799766,appearance_style/prompt_08
22,0.0745011419057846,0.0642931833863258,appearance_style/prompt_08
23,0.0938727185130119,0.0420686565339565,appearance_style/prompt_08
24,0.1105208471417427,0.0481934174895286,appearance_style/prompt_08
25,0.1244269236922264,0.0496470555663108,appearance_style/prompt_08
26,0.1458617448806762,0.0575691685080528,appearance_style/prompt_08
27,0.1988115161657333,0.0961718559265136,appearance_style/prompt_08
28,0.2449090629816055,0.1207960173487663,appearance_style/prompt_08
29,0.356130838394165,0.2530094087123871,appearance_style/prompt_08
0,0.0,0.0,appearance_style/prompt_04
1,0.3941090106964111,0.7776647210121155,appearance_style/prompt_04
2,0.1062839403748512,0.3848937451839447,appearance_style/prompt_04
3,0.0792179629206657,0.2157339006662368,appearance_style/prompt_04
4,0.0593061782419681,0.1408837586641311,appearance_style/prompt_04
5,0.0662256181240081,0.1054548248648643,appearance_style/prompt_04
6,0.0548039115965366,0.1255541890859604,appearance_style/prompt_04
7,0.0552430525422096,0.0913361087441444,appearance_style/prompt_04
8,0.050931766629219,0.0835060849785804,appearance_style/prompt_04
9,0.0892427340149879,0.1269015669822693,appearance_style/prompt_04
10,0.0465495809912681,0.0856288373470306,appearance_style/prompt_04
11,0.0554822906851768,0.0560951940715312,appearance_style/prompt_04
12,0.0467562824487686,0.0730188712477684,appearance_style/prompt_04
13,0.0549673773348331,0.0560231767594814,appearance_style/prompt_04
14,0.0472994036972522,0.0691588148474693,appearance_style/prompt_04
15,0.0457937121391296,0.0494897738099098,appearance_style/prompt_04
16,0.0504246987402439,0.0688418745994567,appearance_style/prompt_04
17,0.061519831418991,0.0430586636066436,appearance_style/prompt_04
18,0.0642257630825042,0.0466482378542423,appearance_style/prompt_04
19,0.0561975501477718,0.0577806606888771,appearance_style/prompt_04
20,0.0658828020095825,0.0535928048193454,appearance_style/prompt_04
21,0.07025196403265,0.0436105579137802,appearance_style/prompt_04
22,0.0749716535210609,0.0669620409607887,appearance_style/prompt_04
23,0.0976036339998245,0.0418805703520774,appearance_style/prompt_04
24,0.1093625873327255,0.0479168146848678,appearance_style/prompt_04
25,0.1243068277835846,0.0507097169756889,appearance_style/prompt_04
26,0.1467429846525192,0.0582896620035171,appearance_style/prompt_04
27,0.20110385119915,0.097824789583683,appearance_style/prompt_04
28,0.247780442237854,0.121315486729145,appearance_style/prompt_04
29,0.3602388501167297,0.2530646324157715,appearance_style/prompt_04
0,0.0,0.0,appearance_style/prompt_07
1,0.3907046318054199,0.8504282832145691,appearance_style/prompt_07
2,0.1011268347501754,0.3710559010505676,appearance_style/prompt_07
3,0.0785987004637718,0.1808488070964813,appearance_style/prompt_07
4,0.0588291361927986,0.1057277098298072,appearance_style/prompt_07
5,0.0623808577656745,0.0783705487847328,appearance_style/prompt_07
6,0.0566745027899742,0.0907284021377563,appearance_style/prompt_07
7,0.0589044317603111,0.0634040012955665,appearance_style/prompt_07
8,0.0463997386395931,0.058040764182806,appearance_style/prompt_07
9,0.0866314992308616,0.1115733608603477,appearance_style/prompt_07
10,0.0463922806084156,0.0697657465934753,appearance_style/prompt_07
11,0.0518091656267643,0.041392508894205,appearance_style/prompt_07
12,0.0479091964662075,0.0613668523728847,appearance_style/prompt_07
13,0.0555943176150321,0.0433302484452724,appearance_style/prompt_07
14,0.048307828605175,0.057957787066698,appearance_style/prompt_07
15,0.0539108216762542,0.0391852110624313,appearance_style/prompt_07
16,0.0520428456366062,0.0650567263364791,appearance_style/prompt_07
17,0.0638947412371635,0.0290362127125263,appearance_style/prompt_07
18,0.0695438161492347,0.0370979756116867,appearance_style/prompt_07
19,0.0595172680914402,0.053214494138956,appearance_style/prompt_07
20,0.0746113657951355,0.0422684699296951,appearance_style/prompt_07
21,0.0713757127523422,0.0368158183991909,appearance_style/prompt_07
22,0.0777880996465683,0.0587467029690742,appearance_style/prompt_07
23,0.1060411483049392,0.0390767604112625,appearance_style/prompt_07
24,0.1082874983549118,0.0405331924557685,appearance_style/prompt_07
25,0.1306607723236084,0.043277446180582,appearance_style/prompt_07
26,0.1478605270385742,0.0480020828545093,appearance_style/prompt_07
27,0.199923887848854,0.0875421091914177,appearance_style/prompt_07
28,0.2416376024484634,0.1092975512146949,appearance_style/prompt_07
29,0.3587720692157745,0.2452792823314666,appearance_style/prompt_07
0,0.0,0.0,appearance_style/prompt_03
1,0.3931870758533478,0.7814826965332031,appearance_style/prompt_03
2,0.1076490357518196,0.3866862058639526,appearance_style/prompt_03
3,0.0785310491919517,0.2199967801570892,appearance_style/prompt_03
4,0.057332906872034,0.1316248625516891,appearance_style/prompt_03
5,0.069670669734478,0.0908808782696724,appearance_style/prompt_03
6,0.05322240665555,0.105825126171112,appearance_style/prompt_03
7,0.0511867068707942,0.0731825530529022,appearance_style/prompt_03
8,0.0510440394282341,0.066770888864994,appearance_style/prompt_03
9,0.0841472670435905,0.1111729070544242,appearance_style/prompt_03
10,0.0455836802721023,0.0751218795776367,appearance_style/prompt_03
11,0.0543900877237319,0.0461101196706295,appearance_style/prompt_03
12,0.0474870391190052,0.0655774697661399,appearance_style/prompt_03
13,0.049441747367382,0.0466224960982799,appearance_style/prompt_03
14,0.044770136475563,0.0610904768109321,appearance_style/prompt_03
15,0.0449163541197776,0.0438260398805141,appearance_style/prompt_03
16,0.0494888722896575,0.0614846087992191,appearance_style/prompt_03
17,0.059153601527214,0.0344605185091495,appearance_style/prompt_03
18,0.0599573254585266,0.0386943779885768,appearance_style/prompt_03
19,0.0537677742540836,0.0526014491915702,appearance_style/prompt_03
20,0.063908964395523,0.0446068346500396,appearance_style/prompt_03
21,0.0706578567624092,0.042051114141941,appearance_style/prompt_03
22,0.0721762776374816,0.063964232802391,appearance_style/prompt_03
23,0.0980671569705009,0.0407519564032554,appearance_style/prompt_03
24,0.1027498170733451,0.0420949012041091,appearance_style/prompt_03
25,0.1219950169324874,0.0474719852209091,appearance_style/prompt_03
26,0.1450298577547073,0.0543375648558139,appearance_style/prompt_03
27,0.2005996108055114,0.0927114337682724,appearance_style/prompt_03
28,0.2492435276508331,0.1168066263198852,appearance_style/prompt_03
29,0.3652993738651275,0.2567431330680847,appearance_style/prompt_03
0,0.0,0.0,appearance_style/prompt_06
1,0.3917042315006256,0.8082404732704163,appearance_style/prompt_06
2,0.1063165813684463,0.3977827131748199,appearance_style/prompt_06
3,0.0798713937401771,0.2223557531833648,appearance_style/prompt_06
4,0.0581161566078662,0.1467247605323791,appearance_style/prompt_06
5,0.0703124329447746,0.1062751114368438,appearance_style/prompt_06
6,0.0551369488239288,0.1192922368645668,appearance_style/prompt_06
7,0.0555062517523765,0.0838970839977264,appearance_style/prompt_06
8,0.0471197962760925,0.0747863352298736,appearance_style/prompt_06
9,0.0836331099271774,0.118817999958992,appearance_style/prompt_06
10,0.0473512299358844,0.0820012539625167,appearance_style/prompt_06
11,0.0552979558706283,0.0512874349951744,appearance_style/prompt_06
12,0.0474828071892261,0.0714053958654403,appearance_style/prompt_06
13,0.0509081594645977,0.052995890378952,appearance_style/prompt_06
14,0.0465819127857685,0.0639456883072853,appearance_style/prompt_06
15,0.0461551249027252,0.0470833852887153,appearance_style/prompt_06
16,0.0503358766436576,0.0664716660976409,appearance_style/prompt_06
17,0.0623336024582386,0.0411018580198287,appearance_style/prompt_06
18,0.0630226954817771,0.0437149740755558,appearance_style/prompt_06
19,0.0560473091900348,0.054584439843893,appearance_style/prompt_06
20,0.0652960240840911,0.049563243985176,appearance_style/prompt_06
21,0.0718155577778816,0.0412661284208297,appearance_style/prompt_06
22,0.0754259377717971,0.0623918361961841,appearance_style/prompt_06
23,0.0959794893860817,0.0421661138534545,appearance_style/prompt_06
24,0.1096501946449279,0.0463547594845294,appearance_style/prompt_06
25,0.1243703290820121,0.0501213371753692,appearance_style/prompt_06
26,0.1470843106508255,0.0570851862430572,appearance_style/prompt_06
27,0.1975754648447036,0.0955204665660858,appearance_style/prompt_06
28,0.2444925755262375,0.1209006309509277,appearance_style/prompt_06
29,0.353885680437088,0.2535969913005829,appearance_style/prompt_06
0,0.0,0.0,temporal_flickering/prompt_00
1,0.3933094143867492,0.820672869682312,temporal_flickering/prompt_00
2,0.1047074422240257,0.5227426886558533,temporal_flickering/prompt_00
3,0.0794106274843216,0.246768057346344,temporal_flickering/prompt_00
4,0.056438960134983,0.1364771723747253,temporal_flickering/prompt_00
5,0.0695441141724586,0.0985670089721679,temporal_flickering/prompt_00
6,0.0531237050890922,0.1080990955233573,temporal_flickering/prompt_00
7,0.0545684322714805,0.0797883719205856,temporal_flickering/prompt_00
8,0.046270303428173,0.0730909183621406,temporal_flickering/prompt_00
9,0.0789646431803703,0.1161914691329002,temporal_flickering/prompt_00
10,0.0478295721113681,0.0807863250374794,temporal_flickering/prompt_00
11,0.0542520806193351,0.0503513626754283,temporal_flickering/prompt_00
12,0.0465863421559333,0.0699221342802047,temporal_flickering/prompt_00
13,0.0480703152716159,0.056317139416933,temporal_flickering/prompt_00
14,0.0455661341547966,0.0606686286628246,temporal_flickering/prompt_00
15,0.0478748455643653,0.0458723902702331,temporal_flickering/prompt_00
16,0.0502417758107185,0.063026875257492,temporal_flickering/prompt_00
17,0.0561777576804161,0.0391527228057384,temporal_flickering/prompt_00
18,0.0627469047904014,0.045004166662693,temporal_flickering/prompt_00
19,0.0563109777867794,0.052896000444889,temporal_flickering/prompt_00
20,0.0692408308386802,0.0475826486945152,temporal_flickering/prompt_00
21,0.0678304880857467,0.0446139723062515,temporal_flickering/prompt_00
22,0.0729524195194244,0.0643232092261314,temporal_flickering/prompt_00
23,0.0963571742177009,0.0363813005387783,temporal_flickering/prompt_00
24,0.1067264601588249,0.0435896217823028,temporal_flickering/prompt_00
25,0.1239486336708068,0.0442005954682827,temporal_flickering/prompt_00
26,0.1488517820835113,0.0509323328733444,temporal_flickering/prompt_00
27,0.2041629701852798,0.0915020182728767,temporal_flickering/prompt_00
28,0.2528475522994995,0.1094373241066932,temporal_flickering/prompt_00
29,0.3686008751392364,0.2446506321430206,temporal_flickering/prompt_00
0,0.0,0.0,temporal_flickering/prompt_05
1,0.3889387249946594,0.6242785453796387,temporal_flickering/prompt_05
2,0.105173222720623,0.4025067389011383,temporal_flickering/prompt_05
3,0.0788457095623016,0.2535306513309479,temporal_flickering/prompt_05
4,0.0559570752084255,0.1543229818344116,temporal_flickering/prompt_05
5,0.0687875747680664,0.120264895260334,temporal_flickering/prompt_05
6,0.0538932606577873,0.1241498216986656,temporal_flickering/prompt_05
7,0.0535546764731407,0.0869872942566871,temporal_flickering/prompt_05
8,0.0462226271629333,0.0786720663309097,temporal_flickering/prompt_05
9,0.0836779922246933,0.1218456923961639,temporal_flickering/prompt_05
10,0.0446547195315361,0.0898552313446998,temporal_flickering/prompt_05
11,0.0540277175605297,0.0549948550760746,temporal_flickering/prompt_05
12,0.0438295528292655,0.0730047300457954,temporal_flickering/prompt_05
13,0.0500160977244377,0.0579952932894229,temporal_flickering/prompt_05
14,0.0447991080582141,0.0691659152507782,temporal_flickering/prompt_05
15,0.0426478683948516,0.0481593236327171,temporal_flickering/prompt_05
16,0.050476673990488,0.0709977522492408,temporal_flickering/prompt_05
17,0.0575413405895233,0.0399198643863201,temporal_flickering/prompt_05
18,0.0589026771485805,0.0439421981573104,temporal_flickering/prompt_05
19,0.0513153709471225,0.056713655591011,temporal_flickering/prompt_05
20,0.0615791007876396,0.0513158775866031,temporal_flickering/prompt_05
21,0.0682822465896606,0.0452845692634582,temporal_flickering/prompt_05
22,0.0695861428976059,0.0656609088182449,temporal_flickering/prompt_05
23,0.089649811387062,0.044328186661005,temporal_flickering/prompt_05
24,0.1032005250453949,0.0478846654295921,temporal_flickering/prompt_05
25,0.1189910545945167,0.0535193495452404,temporal_flickering/prompt_05
26,0.14381904900074,0.0624065548181533,temporal_flickering/prompt_05
27,0.2021555304527282,0.1048053354024887,temporal_flickering/prompt_05
28,0.2536316514015198,0.1283674538135528,temporal_flickering/prompt_05
29,0.3793833255767822,0.2695982456207275,temporal_flickering/prompt_05
0,0.0,0.0,temporal_flickering/prompt_01
1,0.3921533524990082,0.7054637670516968,temporal_flickering/prompt_01
2,0.1034818142652511,0.3462499380111694,temporal_flickering/prompt_01
3,0.0800191983580589,0.2549459636211395,temporal_flickering/prompt_01
4,0.0574588328599929,0.2065726667642593,temporal_flickering/prompt_01
5,0.0670406967401504,0.1441530287265777,temporal_flickering/prompt_01
6,0.0567732527852058,0.1402032971382141,temporal_flickering/prompt_01
7,0.0556526705622673,0.1089140549302101,temporal_flickering/prompt_01
8,0.0473250150680542,0.0995896831154823,temporal_flickering/prompt_01
9,0.0853768438100814,0.1362596750259399,temporal_flickering/prompt_01
10,0.045722596347332,0.0948410406708717,temporal_flickering/prompt_01
11,0.0505612343549728,0.0663290321826934,temporal_flickering/prompt_01
12,0.0445820912718772,0.0809485614299774,temporal_flickering/prompt_01
13,0.0507850311696529,0.0650976672768592,temporal_flickering/prompt_01
14,0.0458354912698268,0.0733291059732437,temporal_flickering/prompt_01
15,0.0465768948197364,0.0513181872665882,temporal_flickering/prompt_01
16,0.0509313382208347,0.0745317861437797,temporal_flickering/prompt_01
17,0.0634890347719192,0.0433561019599437,temporal_flickering/prompt_01
18,0.0629336684942245,0.0453310757875442,temporal_flickering/prompt_01
19,0.0563161596655845,0.0616031661629676,temporal_flickering/prompt_01
20,0.0665609911084175,0.0467493273317813,temporal_flickering/prompt_01
21,0.0675640329718589,0.0443341210484504,temporal_flickering/prompt_01
22,0.0716987922787666,0.0647794902324676,temporal_flickering/prompt_01
23,0.0998241677880287,0.0438653863966465,temporal_flickering/prompt_01
24,0.103576622903347,0.0474756360054016,temporal_flickering/prompt_01
25,0.1254684776067733,0.0497926473617553,temporal_flickering/prompt_01
26,0.1492669284343719,0.0542999431490898,temporal_flickering/prompt_01
27,0.2043054401874542,0.0900003984570503,temporal_flickering/prompt_01
28,0.2516016960144043,0.1126380637288093,temporal_flickering/prompt_01
29,0.3695209324359894,0.2456195205450058,temporal_flickering/prompt_01
0,0.0,0.0,temporal_flickering/prompt_09
1,0.3893789052963257,0.6712131500244141,temporal_flickering/prompt_09
2,0.1087986975908279,0.439996600151062,temporal_flickering/prompt_09
3,0.0796974450349807,0.2674562633037567,temporal_flickering/prompt_09
4,0.0571771077811718,0.1704495400190353,temporal_flickering/prompt_09
5,0.0747875273227691,0.1378326416015625,temporal_flickering/prompt_09
6,0.0554236844182014,0.1419816315174102,temporal_flickering/prompt_09
7,0.0529738180339336,0.1005297675728797,temporal_flickering/prompt_09
8,0.0462479963898658,0.0951136872172355,temporal_flickering/prompt_09
9,0.085634633898735,0.1372769623994827,temporal_flickering/prompt_09
10,0.0440326817333698,0.0996011272072792,temporal_flickering/prompt_09
11,0.0593299865722656,0.0673300772905349,temporal_flickering/prompt_09
12,0.0447398386895656,0.0867233872413635,temporal_flickering/prompt_09
13,0.0488627851009368,0.0684793666005134,temporal_flickering/prompt_09
14,0.0441485419869422,0.0810630917549133,temporal_flickering/prompt_09
15,0.0440846681594848,0.0647290423512458,temporal_flickering/prompt_09
16,0.049745324999094,0.0752413496375083,temporal_flickering/prompt_09
17,0.0526949428021907,0.0583315230906009,temporal_flickering/prompt_09
18,0.0603233091533184,0.0584209002554416,temporal_flickering/prompt_09
19,0.0523685999214649,0.0684871971607208,temporal_flickering/prompt_09
20,0.0582856498658657,0.0612068697810173,temporal_flickering/prompt_09
21,0.0701822936534881,0.0501685664057731,temporal_flickering/prompt_09
22,0.0702482014894485,0.0726773366332054,temporal_flickering/prompt_09
23,0.0879138261079788,0.0489840768277645,temporal_flickering/prompt_09
24,0.1038141995668411,0.0497299544513225,temporal_flickering/prompt_09
25,0.1134532243013382,0.0546000190079212,temporal_flickering/prompt_09
26,0.1404865235090255,0.05853858217597,temporal_flickering/prompt_09
27,0.200067713856697,0.1009350046515464,temporal_flickering/prompt_09
28,0.2544663250446319,0.1190213784575462,temporal_flickering/prompt_09
29,0.3838665783405304,0.2543763220310211,temporal_flickering/prompt_09
0,0.0,0.0,temporal_flickering/prompt_02
1,0.3874077498912811,0.6949464082717896,temporal_flickering/prompt_02
2,0.1066319569945335,0.4200741350650787,temporal_flickering/prompt_02
3,0.0815941616892814,0.2856465280056,temporal_flickering/prompt_02
4,0.0595693066716194,0.160486027598381,temporal_flickering/prompt_02
5,0.0725335553288459,0.1097603142261505,temporal_flickering/prompt_02
6,0.0555737949907779,0.1210246458649635,temporal_flickering/prompt_02
7,0.0530355758965015,0.0838250368833541,temporal_flickering/prompt_02
8,0.0516337119042873,0.0747900605201721,temporal_flickering/prompt_02
9,0.0873356759548187,0.1190993934869766,temporal_flickering/prompt_02
10,0.0463488474488258,0.0807367712259292,temporal_flickering/prompt_02
11,0.0559015609323978,0.0495040118694305,temporal_flickering/prompt_02
12,0.0465157069265842,0.0673370510339737,temporal_flickering/prompt_02
13,0.0505040399730205,0.0494321621954441,temporal_flickering/prompt_02
14,0.0454502440989017,0.0638756901025772,temporal_flickering/prompt_02
15,0.0458120219409465,0.0457954742014408,temporal_flickering/prompt_02
16,0.0503265373408794,0.0653767511248588,temporal_flickering/prompt_02
17,0.0563845708966255,0.0374250076711177,temporal_flickering/prompt_02
18,0.0659515708684921,0.0440359115600585,temporal_flickering/prompt_02
19,0.0549406372010707,0.0556994527578353,temporal_flickering/prompt_02
20,0.0643403530120849,0.0470384731888771,temporal_flickering/prompt_02
21,0.0705096870660781,0.0467084608972072,temporal_flickering/prompt_02
22,0.0750307068228721,0.0679268985986709,temporal_flickering/prompt_02
23,0.0988918766379356,0.0425233468413353,temporal_flickering/prompt_02
24,0.1039565354585647,0.0446530990302562,temporal_flickering/prompt_02
25,0.1240331754088401,0.0481616184115409,temporal_flickering/prompt_02
26,0.1477178931236267,0.0552983395755291,temporal_flickering/prompt_02
27,0.2030521929264068,0.0932899862527847,temporal_flickering/prompt_02
28,0.2497723996639251,0.1164988651871681,temporal_flickering/prompt_02
29,0.3689045906066894,0.2503371238708496,temporal_flickering/prompt_02
0,0.0,0.0,temporal_flickering/prompt_08
1,0.3903777301311493,0.6322341561317444,temporal_flickering/prompt_08
2,0.108012855052948,0.3596630394458771,temporal_flickering/prompt_08
3,0.0796047821640968,0.2038927227258682,temporal_flickering/prompt_08
4,0.0567283779382705,0.1246481388807296,temporal_flickering/prompt_08
5,0.069661870598793,0.0981510579586029,temporal_flickering/prompt_08
6,0.0558735281229019,0.1116115152835846,temporal_flickering/prompt_08
7,0.0531888008117675,0.0810606256127357,temporal_flickering/prompt_08
8,0.0464833714067935,0.0666372179985046,temporal_flickering/prompt_08
9,0.0863489210605621,0.1196078956127166,temporal_flickering/prompt_08
10,0.0450513511896133,0.0816370248794555,temporal_flickering/prompt_08
11,0.054268691688776,0.0473099425435066,temporal_flickering/prompt_08
12,0.0450670346617698,0.0662165060639381,temporal_flickering/prompt_08
13,0.0490649007260799,0.0497418530285358,temporal_flickering/prompt_08
14,0.0449647419154644,0.06232326105237,temporal_flickering/prompt_08
15,0.0435449033975601,0.0447262227535247,temporal_flickering/prompt_08
16,0.0485120378434658,0.063250184059143,temporal_flickering/prompt_08
17,0.055021196603775,0.0368548519909381,temporal_flickering/prompt_08
18,0.0602429509162902,0.0400980971753597,temporal_flickering/prompt_08
19,0.0531101860105991,0.0524389930069446,temporal_flickering/prompt_08
20,0.0586438812315464,0.0446025729179382,temporal_flickering/prompt_08
21,0.0663003697991371,0.0406680442392826,temporal_flickering/prompt_08
22,0.0708213672041893,0.0626769661903381,temporal_flickering/prompt_08
23,0.0916635543107986,0.0423359423875808,temporal_flickering/prompt_08
24,0.0982539728283882,0.0429623983800411,temporal_flickering/prompt_08
25,0.1146245673298835,0.0520794354379177,temporal_flickering/prompt_08
26,0.1391148567199707,0.054444320499897,temporal_flickering/prompt_08
27,0.1994631737470626,0.0992119461297988,temporal_flickering/prompt_08
28,0.2541765868663788,0.124473325908184,temporal_flickering/prompt_08
29,0.378953754901886,0.2670814394950866,temporal_flickering/prompt_08
0,0.0,0.0,temporal_flickering/prompt_04
1,0.3955205380916595,0.6217193603515625,temporal_flickering/prompt_04
2,0.1050759702920913,0.422905683517456,temporal_flickering/prompt_04
3,0.0794594585895538,0.3738700747489929,temporal_flickering/prompt_04
4,0.0605100430548191,0.2850538194179535,temporal_flickering/prompt_04
5,0.0626434087753295,0.2145941108465194,temporal_flickering/prompt_04
6,0.0559597015380859,0.1996105313301086,temporal_flickering/prompt_04
7,0.0547397769987583,0.157098963856697,temporal_flickering/prompt_04
8,0.0506657473742961,0.1492985337972641,temporal_flickering/prompt_04
9,0.0862828344106674,0.173585444688797,temporal_flickering/prompt_04
10,0.0455161482095718,0.1272153109312057,temporal_flickering/prompt_04
11,0.0504110120236873,0.0970116481184959,temporal_flickering/prompt_04
12,0.0465687811374664,0.1116228625178337,temporal_flickering/prompt_04
13,0.0533356145024299,0.0906271189451217,temporal_flickering/prompt_04
14,0.0466811992228031,0.1020957753062248,temporal_flickering/prompt_04
15,0.0509310327470302,0.0800257697701454,temporal_flickering/prompt_04
16,0.050356026738882,0.0965063497424125,temporal_flickering/prompt_04
17,0.057039625942707,0.065933421254158,temporal_flickering/prompt_04
18,0.0656731724739074,0.0647996887564659,temporal_flickering/prompt_04
19,0.0576492436230182,0.0822130292654037,temporal_flickering/prompt_04
20,0.068188838660717,0.0661430582404136,temporal_flickering/prompt_04
21,0.0632638931274414,0.0613360106945037,temporal_flickering/prompt_04
22,0.069782555103302,0.0775931179523468,temporal_flickering/prompt_04
23,0.0919060856103897,0.0613312348723411,temporal_flickering/prompt_04
24,0.0980837345123291,0.0609342716634273,temporal_flickering/prompt_04
25,0.1190525442361831,0.0667604133486747,temporal_flickering/prompt_04
26,0.1386596411466598,0.0677799358963966,temporal_flickering/prompt_04
27,0.1989914774894714,0.1075820922851562,temporal_flickering/prompt_04
28,0.2480333000421524,0.12454804033041,temporal_flickering/prompt_04
29,0.3717379570007324,0.2576201856136322,temporal_flickering/prompt_04
0,0.0,0.0,temporal_flickering/prompt_07
1,0.3875759243965149,0.6337136626243591,temporal_flickering/prompt_07
2,0.1074412539601326,0.3747073709964752,temporal_flickering/prompt_07
3,0.0801103413105011,0.3192038834095001,temporal_flickering/prompt_07
4,0.0576042160391807,0.2752113342285156,temporal_flickering/prompt_07
5,0.0742221772670745,0.221544548869133,temporal_flickering/prompt_07
6,0.054041851311922,0.2115719616413116,temporal_flickering/prompt_07
7,0.0551497898995876,0.1529244631528854,temporal_flickering/prompt_07
8,0.0460414849221706,0.1378447115421295,temporal_flickering/prompt_07
9,0.0803928226232528,0.1668341010808944,temporal_flickering/prompt_07
10,0.0462432317435741,0.1230139434337616,temporal_flickering/prompt_07
11,0.0597543306648731,0.0848898068070411,temporal_flickering/prompt_07
12,0.0459572523832321,0.0988394245505333,temporal_flickering/prompt_07
13,0.0497568249702453,0.0777121260762214,temporal_flickering/prompt_07
14,0.0446170791983604,0.0865849182009697,temporal_flickering/prompt_07
15,0.0451733656227588,0.0693252012133598,temporal_flickering/prompt_07
16,0.0492553226649761,0.0796253979206085,temporal_flickering/prompt_07
17,0.0506992451846599,0.0546334721148014,temporal_flickering/prompt_07
18,0.0638153403997421,0.0561725869774818,temporal_flickering/prompt_07
19,0.0537494011223316,0.0672414377331733,temporal_flickering/prompt_07
20,0.0597459822893142,0.0613269619643688,temporal_flickering/prompt_07
21,0.0702997222542762,0.0507979542016983,temporal_flickering/prompt_07
22,0.0719604268670082,0.0746663361787796,temporal_flickering/prompt_07
23,0.09309072047472,0.0504239909350872,temporal_flickering/prompt_07
24,0.1090794429183006,0.0577516369521617,temporal_flickering/prompt_07
25,0.1182198002934455,0.0540175586938858,temporal_flickering/prompt_07
26,0.1450619101524353,0.0582900047302246,temporal_flickering/prompt_07
27,0.2056793868541717,0.097111091017723,temporal_flickering/prompt_07
28,0.2586762607097626,0.113991878926754,temporal_flickering/prompt_07
29,0.3810570836067199,0.2463926523923874,temporal_flickering/prompt_07
0,0.0,0.0,temporal_flickering/prompt_03
1,0.3845320641994476,0.5861690044403076,temporal_flickering/prompt_03
2,0.1072395890951156,0.4060869514942169,temporal_flickering/prompt_03
3,0.0798258930444717,0.2455291450023651,temporal_flickering/prompt_03
4,0.057096067816019,0.174934521317482,temporal_flickering/prompt_03
5,0.0737898349761962,0.1404801458120346,temporal_flickering/prompt_03
6,0.0547686852514743,0.1582510620355606,temporal_flickering/prompt_03
7,0.0538789071142673,0.1108222305774688,temporal_flickering/prompt_03
8,0.0463121570646762,0.100449688732624,temporal_flickering/prompt_03
9,0.081566497683525,0.1418267339468002,temporal_flickering/prompt_03
10,0.0452495031058788,0.1013615429401397,temporal_flickering/prompt_03
11,0.0598276555538177,0.0695108696818351,temporal_flickering/prompt_03
12,0.0454645939171314,0.0875079482793808,temporal_flickering/prompt_03
13,0.0491762496531009,0.0692074671387672,temporal_flickering/prompt_03
14,0.0444589331746101,0.0824023708701133,temporal_flickering/prompt_03
15,0.0433025993406772,0.064691312611103,temporal_flickering/prompt_03
16,0.0499583557248115,0.0783626809716224,temporal_flickering/prompt_03
17,0.0500825121998786,0.0538642331957817,temporal_flickering/prompt_03
18,0.0620284862816333,0.0538628026843071,temporal_flickering/prompt_03
19,0.0524673014879226,0.0666768029332161,temporal_flickering/prompt_03
20,0.0573153458535671,0.0576889812946319,temporal_flickering/prompt_03
21,0.0669899582862854,0.0507782846689224,temporal_flickering/prompt_03
22,0.0710567384958267,0.0736149400472641,temporal_flickering/prompt_03
23,0.0874769762158393,0.0528020858764648,temporal_flickering/prompt_03
24,0.1048339679837226,0.0522198937833309,temporal_flickering/prompt_03
25,0.1099350601434707,0.0574312433600425,temporal_flickering/prompt_03
26,0.1349655091762542,0.0606073886156082,temporal_flickering/prompt_03
27,0.1951831430196762,0.1029711663722992,temporal_flickering/prompt_03
28,0.2492439001798629,0.1202141791582107,temporal_flickering/prompt_03
29,0.3760515749454498,0.2525379359722137,temporal_flickering/prompt_03
0,0.0,0.0,temporal_flickering/prompt_06
1,0.3938453197479248,0.6958264708518982,temporal_flickering/prompt_06
2,0.1027387157082557,0.4150798916816711,temporal_flickering/prompt_06
3,0.0788720324635505,0.2624707221984863,temporal_flickering/prompt_06
4,0.0601529255509376,0.1973655670881271,temporal_flickering/prompt_06
5,0.06244657933712,0.1849794238805771,temporal_flickering/prompt_06
6,0.0560541003942489,0.158036783337593,temporal_flickering/prompt_06
7,0.0550278909504413,0.1153425946831703,temporal_flickering/prompt_06
8,0.0504783354699611,0.1024165078997612,temporal_flickering/prompt_06
9,0.0850832462310791,0.1466152369976043,temporal_flickering/prompt_06
10,0.045487180352211,0.1065534949302673,temporal_flickering/prompt_06
11,0.05049929022789,0.0761109590530395,temporal_flickering/prompt_06
12,0.0475890636444091,0.0923098921775817,temporal_flickering/prompt_06
13,0.0531742163002491,0.0726772919297218,temporal_flickering/prompt_06
14,0.0466071814298629,0.0829114615917205,temporal_flickering/prompt_06
15,0.0515614598989486,0.063684694468975,temporal_flickering/prompt_06
16,0.0495229847729206,0.081430859863758,temporal_flickering/prompt_06
17,0.0566362813115119,0.049188207834959,temporal_flickering/prompt_06
18,0.0669189244508743,0.0529978945851326,temporal_flickering/prompt_06
19,0.0567435547709465,0.0697224885225296,temporal_flickering/prompt_06
20,0.0689560696482658,0.0566410794854164,temporal_flickering/prompt_06
21,0.0656522959470748,0.0521050579845905,temporal_flickering/prompt_06
22,0.0701011940836906,0.0701774209737777,temporal_flickering/prompt_06
23,0.09539595246315,0.0497253723442554,temporal_flickering/prompt_06
24,0.1007003486156463,0.0538002662360668,temporal_flickering/prompt_06
25,0.1229002401232719,0.0595087520778179,temporal_flickering/prompt_06
26,0.1442833989858627,0.0591085627675056,temporal_flickering/prompt_06
27,0.2045726180076599,0.0963296815752983,temporal_flickering/prompt_06
28,0.2551809847354889,0.1123500540852546,temporal_flickering/prompt_06
29,0.3822400569915771,0.247884452342987,temporal_flickering/prompt_06
0,0.0,0.0,scene/prompt_00
1,0.3829260170459747,0.6169816851615906,scene/prompt_00
2,0.1035433486104011,0.3728948831558227,scene/prompt_00
3,0.078698419034481,0.262620210647583,scene/prompt_00
4,0.0578417815268039,0.1944600939750671,scene/prompt_00
5,0.068360611796379,0.1379050463438034,scene/prompt_00
6,0.0555189028382301,0.1409473717212677,scene/prompt_00
7,0.0538665987551212,0.098685085773468,scene/prompt_00
8,0.0457758381962776,0.0876072198152542,scene/prompt_00
9,0.0818963497877121,0.1360047310590744,scene/prompt_00
10,0.0466406345367431,0.0947610437870025,scene/prompt_00
11,0.0548187904059886,0.0626365318894386,scene/prompt_00
12,0.0455513522028923,0.0813076421618461,scene/prompt_00
13,0.0487593971192836,0.0611334070563316,scene/prompt_00
14,0.0455593205988407,0.0731182619929313,scene/prompt_00
15,0.0453532263636589,0.0560813881456851,scene/prompt_00
16,0.0491853840649127,0.0740932300686836,scene/prompt_00
17,0.0531373396515846,0.043597936630249,scene/prompt_00
18,0.0625383332371711,0.048109270632267,scene/prompt_00
19,0.0523972287774086,0.0600729845464229,scene/prompt_00
20,0.0621593669056892,0.052289854735136,scene/prompt_00
21,0.0641761571168899,0.0449115075170993,scene/prompt_00
22,0.069760113954544,0.0679694041609764,scene/prompt_00
23,0.0901576057076454,0.0479048863053321,scene/prompt_00
24,0.1006732583045959,0.0474274046719074,scene/prompt_00
25,0.1141323074698448,0.0522782579064369,scene/prompt_00
26,0.1346608847379684,0.0542755499482154,scene/prompt_00
27,0.1955237537622451,0.0971779823303222,scene/prompt_00
28,0.2473471760749817,0.1091826111078262,scene/prompt_00
29,0.3768596053123474,0.2456122040748596,scene/prompt_00
0,0.0,0.0,scene/prompt_05
1,0.3764092624187469,0.6706486940383911,scene/prompt_05
2,0.101441241800785,0.4060103297233581,scene/prompt_05
3,0.0793607085943222,0.2439845353364944,scene/prompt_05
4,0.0592700764536857,0.1704204231500625,scene/prompt_05
5,0.0652025863528251,0.1350840032100677,scene/prompt_05
6,0.0546067431569099,0.1630099713802337,scene/prompt_05
7,0.0592152066528797,0.1324371099472046,scene/prompt_05
8,0.045991912484169,0.109444111585617,scene/prompt_05
9,0.0851814299821853,0.1526487320661544,scene/prompt_05
10,0.0463837161660194,0.1124686822295188,scene/prompt_05
11,0.0552277602255344,0.0817816406488418,scene/prompt_05
12,0.0471706539392471,0.0967841371893882,scene/prompt_05
13,0.0523184016346931,0.0726505145430564,scene/prompt_05
14,0.0482584424316883,0.089376077055931,scene/prompt_05
15,0.0462420135736465,0.0658087432384491,scene/prompt_05
16,0.0490377880632877,0.0836869552731514,scene/prompt_05
17,0.0566118955612182,0.0504110269248485,scene/prompt_05
18,0.0643173679709434,0.0563202463090419,scene/prompt_05
19,0.0533149056136608,0.0696234330534935,scene/prompt_05
20,0.0638480558991432,0.0617959275841712,scene/prompt_05
21,0.0675131678581237,0.0540893264114856,scene/prompt_05
22,0.0726270377635955,0.0788182020187377,scene/prompt_05
23,0.0977289453148841,0.0535362921655178,scene/prompt_05
24,0.1025969237089157,0.0555429421365261,scene/prompt_05
25,0.1190205812454223,0.0558714754879474,scene/prompt_05
26,0.1429267525672912,0.0595230981707572,scene/prompt_05
27,0.1991026848554611,0.0982976779341697,scene/prompt_05
28,0.2513765394687652,0.1094343215227127,scene/prompt_05
29,0.3805830776691437,0.2465453445911407,scene/prompt_05
0,0.0,0.0,scene/prompt_01
1,0.3947539627552032,0.6402462124824524,scene/prompt_01
2,0.1019981801509857,0.5381876230239868,scene/prompt_01
3,0.0794147327542305,0.3983368873596191,scene/prompt_01
4,0.055832952260971,0.2492458522319793,scene/prompt_01
5,0.0650994852185249,0.1881187409162521,scene/prompt_01
6,0.0569871105253696,0.1803902834653854,scene/prompt_01
7,0.0535985417664051,0.1398683190345764,scene/prompt_01
8,0.0463097319006919,0.1258614957332611,scene/prompt_01
9,0.0821093693375587,0.1646134257316589,scene/prompt_01
10,0.0454249046742916,0.1256828308105468,scene/prompt_01
11,0.050557792186737,0.0977206975221633,scene/prompt_01
12,0.0455420836806297,0.1098836511373519,scene/prompt_01
13,0.0496788322925567,0.0881978049874305,scene/prompt_01
14,0.0457925572991371,0.0978001430630683,scene/prompt_01
15,0.0504924729466438,0.0788126140832901,scene/prompt_01
16,0.0498197637498378,0.0958502143621444,scene/prompt_01
17,0.0565800033509731,0.0668275356292724,scene/prompt_01
18,0.0629831776022911,0.0684925988316536,scene/prompt_01
19,0.0569586791098117,0.0811168327927589,scene/prompt_01
20,0.065970242023468,0.0683024376630783,scene/prompt_01
21,0.0643691569566726,0.0641326308250427,scene/prompt_01
22,0.0702230259776115,0.0800293907523155,scene/prompt_01
23,0.0889746621251106,0.0644492134451866,scene/prompt_01
24,0.0997434705495834,0.0644213110208511,scene/prompt_01
25,0.1160995811223983,0.0693267807364463,scene/prompt_01
26,0.1354718804359436,0.072193443775177,scene/prompt_01
27,0.193756103515625,0.1100351810455322,scene/prompt_01
28,0.2451064139604568,0.1250373870134353,scene/prompt_01
29,0.3673876821994781,0.2528942227363586,scene/prompt_01
0,0.0,0.0,scene/prompt_09
1,0.3848989009857178,0.5749070048332214,scene/prompt_09
2,0.1026175022125244,0.4064920842647552,scene/prompt_09
3,0.0793770253658294,0.274278849363327,scene/prompt_09
4,0.0589078962802886,0.1605959683656692,scene/prompt_09
5,0.0642087459564209,0.1178612560033798,scene/prompt_09
6,0.0552629902958869,0.1245110258460044,scene/prompt_09
7,0.0525595843791961,0.0835863798856735,scene/prompt_09
8,0.0509137511253356,0.0754436925053596,scene/prompt_09
9,0.0856407582759857,0.1239621341228485,scene/prompt_09
10,0.0444229133427143,0.0817312896251678,scene/prompt_09
11,0.0540593154728412,0.0553933568298816,scene/prompt_09
12,0.0459084324538707,0.0738017186522483,scene/prompt_09
13,0.0532377995550632,0.0538630597293376,scene/prompt_09
14,0.0457382947206497,0.0678514838218689,scene/prompt_09
15,0.045889601111412,0.0485752262175083,scene/prompt_09
16,0.0491003915667533,0.0657967627048492,scene/prompt_09
17,0.0519015900790691,0.0384143888950347,scene/prompt_09
18,0.0653240904211998,0.0443674325942993,scene/prompt_09
19,0.0527149178087711,0.0565938726067543,scene/prompt_09
20,0.0630824565887451,0.0472936145961284,scene/prompt_09
21,0.0647447928786277,0.0423900447785854,scene/prompt_09
22,0.06873569637537,0.0646382942795753,scene/prompt_09
23,0.0916662067174911,0.0434774719178676,scene/prompt_09
24,0.1014593616127967,0.0443209744989872,scene/prompt_09
25,0.1147560253739357,0.0494597405195236,scene/prompt_09
26,0.138939693570137,0.0530057922005653,scene/prompt_09
27,0.2003384530544281,0.0968760177493095,scene/prompt_09
28,0.25255286693573,0.1160381734371185,scene/prompt_09
29,0.3795000910758972,0.2581823170185089,scene/prompt_09
0,0.0,0.0,scene/prompt_02
1,0.3832343220710754,0.6020019054412842,scene/prompt_02
2,0.0990215390920639,0.3486009538173675,scene/prompt_02
3,0.0776316374540329,0.2546315193176269,scene/prompt_02
4,0.0593919195234775,0.1920685917139053,scene/prompt_02
5,0.0601733028888702,0.1546376347541809,scene/prompt_02
6,0.0570565909147262,0.1598224192857742,scene/prompt_02
7,0.0528925545513629,0.1157288402318954,scene/prompt_02
8,0.0505773946642875,0.1018628105521202,scene/prompt_02
9,0.0865277275443077,0.1492280066013336,scene/prompt_02
10,0.0449951104819774,0.104852870106697,scene/prompt_02
11,0.0500195100903511,0.0739252790808677,scene/prompt_02
12,0.046959601342678,0.0897029340267181,scene/prompt_02
13,0.0530321411788463,0.0665966793894767,scene/prompt_02
14,0.0482925586402416,0.0809311270713806,scene/prompt_02
15,0.0495324321091175,0.0578201524913311,scene/prompt_02
16,0.0505108498036861,0.0791408568620681,scene/prompt_02
17,0.0587346777319908,0.0483047701418399,scene/prompt_02
18,0.0658563822507858,0.0508790202438831,scene/prompt_02
19,0.0572823956608772,0.0661631822586059,scene/prompt_02
20,0.0697699189186096,0.0542734377086162,scene/prompt_02
21,0.0643643736839294,0.0501754283905029,scene/prompt_02
22,0.0712868124246597,0.0709437876939773,scene/prompt_02
23,0.0944677144289016,0.0509661547839641,scene/prompt_02
24,0.0986152663826942,0.050663061439991,scene/prompt_02
25,0.1206914559006691,0.0583407208323478,scene/prompt_02
26,0.1367983072996139,0.0587426275014877,scene/prompt_02
27,0.1965399235486984,0.099370963871479,scene/prompt_02
28,0.2432758659124374,0.1090081855654716,scene/prompt_02
29,0.365121454000473,0.2476628571748733,scene/prompt_02
0,0.0,0.0,scene/prompt_08
1,0.3879354894161224,0.5791139006614685,scene/prompt_08
2,0.1019443497061729,0.3384477496147156,scene/prompt_08
3,0.0776718482375145,0.248813584446907,scene/prompt_08
4,0.0588955655694007,0.1828781217336654,scene/prompt_08
5,0.0631778016686439,0.1668116301298141,scene/prompt_08
6,0.0534514114260673,0.203016847372055,scene/prompt_08
7,0.0525998920202255,0.1565278768539428,scene/prompt_08
8,0.0498546473681926,0.1289680749177932,scene/prompt_08
9,0.0851261019706726,0.1648888885974884,scene/prompt_08
10,0.0449874922633171,0.1218607127666473,scene/prompt_08
11,0.0535395927727222,0.0888308733701706,scene/prompt_08
12,0.046050064265728,0.1031957566738128,scene/prompt_08
13,0.0531604401767253,0.0831040069460868,scene/prompt_08
14,0.045838575810194,0.0935064405202865,scene/prompt_08
15,0.0448207408189773,0.0731967389583587,scene/prompt_08
16,0.0484591722488403,0.0881509855389595,scene/prompt_08
17,0.0516830161213874,0.0592454150319099,scene/prompt_08
18,0.0641139894723892,0.0584699995815753,scene/prompt_08
19,0.0545489750802516,0.0719705149531364,scene/prompt_08
20,0.061531338840723,0.0594503358006477,scene/prompt_08
21,0.063958890736103,0.0528919138014316,scene/prompt_08
22,0.0698467269539833,0.0745758190751075,scene/prompt_08
23,0.0896391868591308,0.0520274452865123,scene/prompt_08
24,0.099818155169487,0.0513607487082481,scene/prompt_08
25,0.1139321103692054,0.0564547590911388,scene/prompt_08
26,0.1346662938594818,0.057859681546688,scene/prompt_08
27,0.1982355564832687,0.0992239862680435,scene/prompt_08
28,0.2497341930866241,0.1093020141124725,scene/prompt_08
29,0.3820222914218902,0.2485181391239166,scene/prompt_08
0,0.0,0.0,scene/prompt_04
1,0.3863423764705658,0.577907383441925,scene/prompt_04
2,0.1046675667166709,0.3653154969215393,scene/prompt_04
3,0.0774700194597244,0.2501407563686371,scene/prompt_04
4,0.0568294487893581,0.1866847872734069,scene/prompt_04
5,0.0682068467140197,0.1695254147052765,scene/prompt_04
6,0.0538264513015747,0.1844869703054428,scene/prompt_04
7,0.0530988052487373,0.153515875339508,scene/prompt_04
8,0.0456368885934352,0.1418217420578003,scene/prompt_04
9,0.0838264897465705,0.1764047443866729,scene/prompt_04
10,0.0437652766704559,0.1307963132858276,scene/prompt_04
11,0.0531827360391616,0.0988085865974426,scene/prompt_04
12,0.0439094603061676,0.1144239753484726,scene/prompt_04
13,0.0479321591556072,0.095212697982788,scene/prompt_04
14,0.0439461208879947,0.1033745855093002,scene/prompt_04
15,0.0428653433918952,0.0858717337250709,scene/prompt_04
16,0.0476280860602855,0.0988814234733581,scene/prompt_04
17,0.0544628500938415,0.0697186589241027,scene/prompt_04
18,0.058993324637413,0.073324903845787,scene/prompt_04
19,0.0507846251130104,0.0807337537407875,scene/prompt_04
20,0.0594336315989494,0.0766345486044883,scene/prompt_04
21,0.0643569603562355,0.0691346153616905,scene/prompt_04
22,0.0677879601716995,0.0868411809206008,scene/prompt_04
23,0.0893876403570175,0.0663930624723434,scene/prompt_04
24,0.0983074232935905,0.0661513209342956,scene/prompt_04
25,0.1112057119607925,0.0698225796222686,scene/prompt_04
26,0.1350414305925369,0.0724504962563514,scene/prompt_04
27,0.1936960369348526,0.1113109067082405,scene/prompt_04
28,0.247706726193428,0.1255398541688919,scene/prompt_04
29,0.3760545551776886,0.2576774060726166,scene/prompt_04
0,0.0,0.0,scene/prompt_07
1,0.3797261416912079,0.6161797046661377,scene/prompt_07
2,0.09901874512434,0.3978199064731598,scene/prompt_07
3,0.0771492049098014,0.3181240260601043,scene/prompt_07
4,0.0553389303386211,0.2832714915275574,scene/prompt_07
5,0.0674441009759903,0.2267045527696609,scene/prompt_07
6,0.0540939904749393,0.1986472904682159,scene/prompt_07
7,0.0500047095119953,0.1487571895122528,scene/prompt_07
8,0.0491538904607296,0.1287841498851776,scene/prompt_07
9,0.0852963179349899,0.1674412488937378,scene/prompt_07
10,0.0455745719373226,0.1232112795114517,scene/prompt_07
11,0.0544515997171402,0.0861400589346885,scene/prompt_07
12,0.0446918010711669,0.1041293069720268,scene/prompt_07
13,0.0486478954553604,0.0822074338793754,scene/prompt_07
14,0.0462460070848465,0.0942631885409355,scene/prompt_07
15,0.0428065098822116,0.072247639298439,scene/prompt_07
16,0.0493149794638156,0.0900932699441909,scene/prompt_07
17,0.0557052567601203,0.0593668892979621,scene/prompt_07
18,0.0637762919068336,0.0621648356318473,scene/prompt_07
19,0.0530521087348461,0.0750947743654251,scene/prompt_07
20,0.0630610883235931,0.0641048178076744,scene/prompt_07
21,0.0670053213834762,0.0571187548339366,scene/prompt_07
22,0.0724055022001266,0.0794548690319061,scene/prompt_07
23,0.0981632024049758,0.0574179738759994,scene/prompt_07
24,0.1001984253525734,0.0578329898416996,scene/prompt_07
25,0.1184292137622833,0.061151523143053,scene/prompt_07
26,0.138640359044075,0.0635744780302047,scene/prompt_07
27,0.196715623140335,0.09977987408638,scene/prompt_07
28,0.2451073974370956,0.1103994324803352,scene/prompt_07
29,0.3697617650032043,0.2441837787628173,scene/prompt_07
0,0.0,0.0,scene/prompt_03
1,0.3808067142963409,0.5579885840415955,scene/prompt_03
2,0.1040432155132293,0.3002858161926269,scene/prompt_03
3,0.0774618834257125,0.2199822068214416,scene/prompt_03
4,0.0579615794122219,0.1535830944776535,scene/prompt_03
5,0.0679111927747726,0.1143277883529663,scene/prompt_03
6,0.0528205633163452,0.1497098207473755,scene/prompt_03
7,0.0564285069704055,0.1225313693284988,scene/prompt_03
8,0.0439272262156009,0.1135291755199432,scene/prompt_03
9,0.0855727866291999,0.159016340970993,scene/prompt_03
10,0.04373300075531,0.1185654699802398,scene/prompt_03
11,0.0587207078933715,0.0986592695116996,scene/prompt_03
12,0.0454804264008998,0.1122209802269935,scene/prompt_03
13,0.0522334910929203,0.0895028188824653,scene/prompt_03
14,0.0461830981075763,0.0973514467477798,scene/prompt_03
15,0.0429062210023403,0.0830398499965667,scene/prompt_03
16,0.0493873804807662,0.0904855579137802,scene/prompt_03
17,0.0503452233970165,0.0664471015334129,scene/prompt_03
18,0.06135243922472,0.0666885152459144,scene/prompt_03
19,0.0505110844969749,0.0752566307783126,scene/prompt_03
20,0.0581872276961803,0.0688176080584526,scene/prompt_03
21,0.0684374123811721,0.0615696348249912,scene/prompt_03
22,0.0715444311499595,0.0797449201345443,scene/prompt_03
23,0.0906602442264556,0.0562038123607635,scene/prompt_03
24,0.1007820218801498,0.054359707981348,scene/prompt_03
25,0.1097796484827995,0.0578312873840332,scene/prompt_03
26,0.1350806653499603,0.0604434646666049,scene/prompt_03
27,0.1914105713367462,0.101707212626934,scene/prompt_03
28,0.2456377744674682,0.1126262471079826,scene/prompt_03
29,0.3747142851352691,0.2546296417713165,scene/prompt_03
0,0.0,0.0,scene/prompt_06
1,0.3825987577438354,0.6061716079711914,scene/prompt_06
2,0.1025192141532898,0.4147907197475433,scene/prompt_06
3,0.0764145776629448,0.3201672434806824,scene/prompt_06
4,0.0576615259051322,0.2341314852237701,scene/prompt_06
5,0.0630866959691047,0.1808406561613083,scene/prompt_06
6,0.054187461733818,0.1811215728521347,scene/prompt_06
7,0.0534313954412937,0.1448981612920761,scene/prompt_06
8,0.0492231883108615,0.1335161626338958,scene/prompt_06
9,0.0867377966642379,0.173700600862503,scene/prompt_06
10,0.0444625578820705,0.1262948513031005,scene/prompt_06
11,0.0553674362599849,0.0897406265139579,scene/prompt_06
12,0.0462187007069587,0.1051055341958999,scene/prompt_06
13,0.0531437397003173,0.082178883254528,scene/prompt_06
14,0.0483551062643528,0.0952274277806282,scene/prompt_06
15,0.0454513132572174,0.0696461126208305,scene/prompt_06
16,0.0518804118037223,0.0912371128797531,scene/prompt_06
17,0.0523997992277145,0.057427417486906,scene/prompt_06
18,0.0674297660589218,0.0609945729374885,scene/prompt_06
19,0.053723007440567,0.0718500912189483,scene/prompt_06
20,0.0651815533638,0.0623752437531948,scene/prompt_06
21,0.0670868158340454,0.0559599138796329,scene/prompt_06
22,0.0711938962340354,0.0765717923641204,scene/prompt_06
23,0.0962080508470535,0.0529819391667842,scene/prompt_06
24,0.1033270731568336,0.0539613701403141,scene/prompt_06
25,0.1199575960636138,0.0571545735001564,scene/prompt_06
26,0.1403107792139053,0.0596861764788627,scene/prompt_06
27,0.1995934247970581,0.1016671657562255,scene/prompt_06
28,0.2462166845798492,0.1113719269633293,scene/prompt_06
29,0.3720870912075043,0.2505841553211212,scene/prompt_06
0,0.0,0.0,multiple_objects/prompt_00
1,0.3889884948730469,0.619308352470398,multiple_objects/prompt_00
2,0.104259580373764,0.3662248253822326,multiple_objects/prompt_00
3,0.0791335180401802,0.2502440214157104,multiple_objects/prompt_00
4,0.0596179217100143,0.1861520409584045,multiple_objects/prompt_00
5,0.0650987848639488,0.1428961604833603,multiple_objects/prompt_00
6,0.0553637109696865,0.1478373855352401,multiple_objects/prompt_00
7,0.0531220249831676,0.1106079146265983,multiple_objects/prompt_00
8,0.0500473976135253,0.1049837246537208,multiple_objects/prompt_00
9,0.085556723177433,0.141455739736557,multiple_objects/prompt_00
10,0.0441933907568454,0.1017806902527809,multiple_objects/prompt_00
11,0.0548849254846572,0.0657984986901283,multiple_objects/prompt_00
12,0.046121772378683,0.0837231054902076,multiple_objects/prompt_00
13,0.053743191063404,0.0657630339264869,multiple_objects/prompt_00
14,0.0466600991785526,0.0786875709891319,multiple_objects/prompt_00
15,0.0465814508497715,0.0573280192911624,multiple_objects/prompt_00
16,0.048744648694992,0.0740735679864883,multiple_objects/prompt_00
17,0.0532375909388065,0.0461944937705993,multiple_objects/prompt_00
18,0.0655915439128875,0.048375230282545,multiple_objects/prompt_00
19,0.0542941279709339,0.0641688406467437,multiple_objects/prompt_00
20,0.0648556277155876,0.0631156787276268,multiple_objects/prompt_00
21,0.0658835470676422,0.0465332604944705,multiple_objects/prompt_00
22,0.0713230967521667,0.0698549076914787,multiple_objects/prompt_00
23,0.0951884463429451,0.046488594263792,multiple_objects/prompt_00
24,0.1034512594342231,0.0489587001502513,multiple_objects/prompt_00
25,0.1201820820569992,0.0522447489202022,multiple_objects/prompt_00
26,0.1445617228746414,0.0568373464047908,multiple_objects/prompt_00
27,0.205917939543724,0.0984104126691818,multiple_objects/prompt_00
28,0.2553159594535827,0.1187498643994331,multiple_objects/prompt_00
29,0.3840346038341522,0.2595577239990234,multiple_objects/prompt_00
0,0.0,0.0,multiple_objects/prompt_05
1,0.3842567205429077,0.6651701331138611,multiple_objects/prompt_05
2,0.1059182584285736,0.4268343150615692,multiple_objects/prompt_05
3,0.0787520259618759,0.3037136793136596,multiple_objects/prompt_05
4,0.0578049197793006,0.1869437545537948,multiple_objects/prompt_05
5,0.073073923587799,0.1285411864519119,multiple_objects/prompt_05
6,0.0543482527136802,0.1560148298740387,multiple_objects/prompt_05
7,0.0534173436462879,0.1130593195557594,multiple_objects/prompt_05
8,0.0463746674358844,0.094388909637928,multiple_objects/prompt_05
9,0.0799073502421379,0.1330111473798751,multiple_objects/prompt_05
10,0.0466310903429985,0.0964739620685577,multiple_objects/prompt_05
11,0.0603839010000228,0.063050739467144,multiple_objects/prompt_05
12,0.0447651483118534,0.0804797708988189,multiple_objects/prompt_05
13,0.0494689606130123,0.0601784698665142,multiple_objects/prompt_05
14,0.0444184653460979,0.0740102678537368,multiple_objects/prompt_05
15,0.0439615659415721,0.0554283112287521,multiple_objects/prompt_05
16,0.0502655431628227,0.0694801658391952,multiple_objects/prompt_05
17,0.0497895665466785,0.0429369360208511,multiple_objects/prompt_05
18,0.0631291642785072,0.0494362413883209,multiple_objects/prompt_05
19,0.0513041876256465,0.0571490190923213,multiple_objects/prompt_05
20,0.0590344592928886,0.0576702617108821,multiple_objects/prompt_05
21,0.0702243894338607,0.0516174174845218,multiple_objects/prompt_05
22,0.0706369280815124,0.0700925141572952,multiple_objects/prompt_05
23,0.0929125696420669,0.0455259159207344,multiple_objects/prompt_05
24,0.1109987497329711,0.0490351468324661,multiple_objects/prompt_05
25,0.1175778210163116,0.0514993593096733,multiple_objects/prompt_05
26,0.1454644799232483,0.0561133250594139,multiple_objects/prompt_05
27,0.2064380645751953,0.099865898489952,multiple_objects/prompt_05
28,0.2565840482711792,0.1182469353079795,multiple_objects/prompt_05
29,0.3825857639312744,0.2548706233501434,multiple_objects/prompt_05
0,0.0,0.0,multiple_objects/prompt_01
1,0.3894175589084625,0.6558488011360168,multiple_objects/prompt_01
2,0.1028998792171478,0.3901839852333069,multiple_objects/prompt_01
3,0.0794205442070961,0.3114573359489441,multiple_objects/prompt_01
4,0.0592205263674259,0.2433030605316162,multiple_objects/prompt_01
5,0.0627676099538803,0.1932654529809951,multiple_objects/prompt_01
6,0.0562829412519931,0.1755078285932541,multiple_objects/prompt_01
7,0.0583885088562965,0.1444315463304519,multiple_objects/prompt_01
8,0.0467724427580833,0.1177888140082359,multiple_objects/prompt_01
9,0.0862976908683776,0.1578693389892578,multiple_objects/prompt_01
10,0.0457248203456401,0.108782984316349,multiple_objects/prompt_01
11,0.0509298406541347,0.0778217613697052,multiple_objects/prompt_01
12,0.046951450407505,0.0911204442381858,multiple_objects/prompt_01
13,0.0534345395863056,0.070106990635395,multiple_objects/prompt_01
14,0.0463652685284614,0.0867098197340965,multiple_objects/prompt_01
15,0.051254354417324,0.0611273907124996,multiple_objects/prompt_01
16,0.0506821796298027,0.0766802057623863,multiple_objects/prompt_01
17,0.0599063001573085,0.0461913906037807,multiple_objects/prompt_01
18,0.0637808591127395,0.0476392433047294,multiple_objects/prompt_01
19,0.0561387687921524,0.0676554217934608,multiple_objects/prompt_01
20,0.0678979605436325,0.0541124083101749,multiple_objects/prompt_01
21,0.0658138766884803,0.0495303235948085,multiple_objects/prompt_01
22,0.0706076696515083,0.0690162852406501,multiple_objects/prompt_01
23,0.0966519862413406,0.0513877607882022,multiple_objects/prompt_01
24,0.0983252674341201,0.0526923649013042,multiple_objects/prompt_01
25,0.1225918233394622,0.0632684826850891,multiple_objects/prompt_01
26,0.1404203474521637,0.0637908577919006,multiple_objects/prompt_01
27,0.1967316567897796,0.1066681444644928,multiple_objects/prompt_01
28,0.2452394962310791,0.1252721548080444,multiple_objects/prompt_01
29,0.368821233510971,0.2615644931793213,multiple_objects/prompt_01
0,0.0,0.0,multiple_objects/prompt_09
1,0.3870207369327545,0.6521345376968384,multiple_objects/prompt_09
2,0.101395383477211,0.3975180983543396,multiple_objects/prompt_09
3,0.0783732160925865,0.3107675611972809,multiple_objects/prompt_09
4,0.0589219741523265,0.2466452568769455,multiple_objects/prompt_09
5,0.0646951124072074,0.1621582508087158,multiple_objects/prompt_09
6,0.0532246008515358,0.1412207931280136,multiple_objects/prompt_09
7,0.0540176853537559,0.1014915630221366,multiple_objects/prompt_09
8,0.0499529913067817,0.0920852273702621,multiple_objects/prompt_09
9,0.0837427452206611,0.1250634342432022,multiple_objects/prompt_09
10,0.045750692486763,0.0894878730177879,multiple_objects/prompt_09
11,0.0545030683279037,0.0590741969645023,multiple_objects/prompt_09
12,0.046400312334299,0.0745065808296203,multiple_objects/prompt_09
13,0.0531976744532585,0.061168048530817,multiple_objects/prompt_09
14,0.0459698848426342,0.0700621977448463,multiple_objects/prompt_09
15,0.0465646907687187,0.050767358392477,multiple_objects/prompt_09
16,0.0487021245062351,0.0683079808950424,multiple_objects/prompt_09
17,0.0524202398955822,0.0395763106644153,multiple_objects/prompt_09
18,0.0664924681186676,0.0450778156518936,multiple_objects/prompt_09
19,0.0536042675375938,0.0612475015223026,multiple_objects/prompt_09
20,0.0645807385444641,0.0527607835829257,multiple_objects/prompt_09
21,0.0668699815869331,0.0475404225289821,multiple_objects/prompt_09
22,0.069999985396862,0.0692054852843284,multiple_objects/prompt_09
23,0.0951216220855712,0.0481830947101116,multiple_objects/prompt_09
24,0.1033543720841407,0.04797875136137,multiple_objects/prompt_09
25,0.1200056299567222,0.0536624751985073,multiple_objects/prompt_09
26,0.1440285146236419,0.0594214834272861,multiple_objects/prompt_09
27,0.2065727114677429,0.0954979360103607,multiple_objects/prompt_09
28,0.2570621371269226,0.1113854795694351,multiple_objects/prompt_09
29,0.3848675787448883,0.2465189546346664,multiple_objects/prompt_09
0,0.0,0.0,multiple_objects/prompt_02
1,0.3895121812820434,0.6479753851890564,multiple_objects/prompt_02
2,0.1019675210118293,0.4327531158924103,multiple_objects/prompt_02
3,0.0781353116035461,0.3530966639518738,multiple_objects/prompt_02
4,0.0555622465908527,0.2023184597492218,multiple_objects/prompt_02
5,0.0687774643301963,0.1485398858785629,multiple_objects/prompt_02
6,0.0538229942321777,0.1631824076175689,multiple_objects/prompt_02
7,0.0534969940781593,0.1334432661533355,multiple_objects/prompt_02
8,0.0460011847317218,0.1137574836611747,multiple_objects/prompt_02
9,0.0800985768437385,0.1497327387332916,multiple_objects/prompt_02
10,0.0454085208475589,0.1071041598916053,multiple_objects/prompt_02
11,0.054007638245821,0.075342021882534,multiple_objects/prompt_02
12,0.0446769967675209,0.0898049399256706,multiple_objects/prompt_02
13,0.0482584573328495,0.0674377530813217,multiple_objects/prompt_02
14,0.0449710190296173,0.0788697525858879,multiple_objects/prompt_02
15,0.0474318265914917,0.0649754330515861,multiple_objects/prompt_02
16,0.0472705364227294,0.0749537572264671,multiple_objects/prompt_02
17,0.0533990226686,0.0511788241565227,multiple_objects/prompt_02
18,0.0629499480128288,0.0495288148522377,multiple_objects/prompt_02
19,0.0526916719973087,0.0636643692851066,multiple_objects/prompt_02
20,0.0627197548747062,0.0558894388377666,multiple_objects/prompt_02
21,0.0648448690772056,0.0469718649983406,multiple_objects/prompt_02
22,0.0693987384438514,0.0697610527276992,multiple_objects/prompt_02
23,0.0915406048297882,0.0539664067327976,multiple_objects/prompt_02
24,0.1052390113472938,0.0517979301512241,multiple_objects/prompt_02
25,0.1165834888815879,0.0553877092897892,multiple_objects/prompt_02
26,0.1406612247228622,0.0592878088355064,multiple_objects/prompt_02
27,0.2012838274240493,0.1018977537751197,multiple_objects/prompt_02
28,0.253222793340683,0.1169114187359809,multiple_objects/prompt_02
29,0.3805388808250427,0.2517989575862884,multiple_objects/prompt_02
0,0.0,0.0,multiple_objects/prompt_08
1,0.386935830116272,0.7625026106834412,multiple_objects/prompt_08
2,0.1023519113659858,0.5260671377182007,multiple_objects/prompt_08
3,0.0785943865776062,0.395066350698471,multiple_objects/prompt_08
4,0.0589192472398281,0.2761937081813812,multiple_objects/prompt_08
5,0.0648528188467025,0.211647018790245,multiple_objects/prompt_08
6,0.05473343282938,0.206470102071762,multiple_objects/prompt_08
7,0.0574572458863258,0.1552516818046569,multiple_objects/prompt_08
8,0.0462680272758007,0.1286881417036056,multiple_objects/prompt_08
9,0.0843238085508346,0.1503218561410904,multiple_objects/prompt_08
10,0.0466496646404266,0.1140157729387283,multiple_objects/prompt_08
11,0.054344817996025,0.0778370052576065,multiple_objects/prompt_08
12,0.0467483401298522,0.091217540204525,multiple_objects/prompt_08
13,0.0544292628765106,0.0744847133755683,multiple_objects/prompt_08
14,0.0467453636229038,0.0882003009319305,multiple_objects/prompt_08
15,0.0468727238476276,0.0675645768642425,multiple_objects/prompt_08
16,0.0496734604239463,0.0763965398073196,multiple_objects/prompt_08
17,0.0546361878514289,0.0470756776630878,multiple_objects/prompt_08
18,0.0643142387270927,0.0503660254180431,multiple_objects/prompt_08
19,0.0544435642659664,0.0609684661030769,multiple_objects/prompt_08
20,0.0639088749885559,0.0546439029276371,multiple_objects/prompt_08
21,0.0684668645262718,0.0482653491199016,multiple_objects/prompt_08
22,0.0724373608827591,0.0684591233730316,multiple_objects/prompt_08
23,0.0994075834751129,0.061500322073698,multiple_objects/prompt_08
24,0.1039875224232673,0.0529236942529678,multiple_objects/prompt_08
25,0.1221092566847801,0.0551280789077281,multiple_objects/prompt_08
26,0.1444842368364334,0.0564228668808937,multiple_objects/prompt_08
27,0.2024716585874557,0.0981380864977836,multiple_objects/prompt_08
28,0.2507998943328857,0.1156789809465408,multiple_objects/prompt_08
29,0.3720960319042206,0.248624563217163,multiple_objects/prompt_08
0,0.0,0.0,multiple_objects/prompt_04
1,0.380854994058609,0.6798731088638306,multiple_objects/prompt_04
2,0.1049503460526466,0.5243411064147949,multiple_objects/prompt_04
3,0.078589454293251,0.4040158092975616,multiple_objects/prompt_04
4,0.0595791786909103,0.1637460440397262,multiple_objects/prompt_04
5,0.0685738772153854,0.117696925997734,multiple_objects/prompt_04
6,0.0535689555108547,0.1311226040124893,multiple_objects/prompt_04
7,0.0541332736611366,0.0911756828427314,multiple_objects/prompt_04
8,0.0503102466464042,0.0802308917045593,multiple_objects/prompt_04
9,0.0899712145328521,0.1264957040548324,multiple_objects/prompt_04
10,0.0448113605380058,0.0863144174218177,multiple_objects/prompt_04
11,0.0609971582889556,0.055598959326744,multiple_objects/prompt_04
12,0.0464469231665134,0.0765644982457161,multiple_objects/prompt_04
13,0.0537784285843372,0.0602864176034927,multiple_objects/prompt_04
14,0.0466486923396587,0.0724596753716468,multiple_objects/prompt_04
15,0.043429534882307,0.0544996336102485,multiple_objects/prompt_04
16,0.0502314940094947,0.0739004984498024,multiple_objects/prompt_04
17,0.0532528087496757,0.0495500639081001,multiple_objects/prompt_04
18,0.063309445977211,0.047104112803936,multiple_objects/prompt_04
19,0.0524171330034732,0.0570705831050872,multiple_objects/prompt_04
20,0.0593347251415252,0.0537297613918781,multiple_objects/prompt_04
21,0.069655917584896,0.044319599866867,multiple_objects/prompt_04
22,0.0718506127595901,0.0691373348236084,multiple_objects/prompt_04
23,0.0934486910700798,0.0443921163678169,multiple_objects/prompt_04
24,0.1110873371362686,0.0483730100095272,multiple_objects/prompt_04
25,0.1187304258346557,0.0493857227265834,multiple_objects/prompt_04
26,0.1458261609077453,0.0559124872088432,multiple_objects/prompt_04
27,0.2052472084760666,0.0983024984598159,multiple_objects/prompt_04
28,0.2562870979309082,0.1160795390605926,multiple_objects/prompt_04
29,0.3833150565624237,0.2539356052875519,multiple_objects/prompt_04
0,0.0,0.0,multiple_objects/prompt_07
1,0.388696014881134,0.723230242729187,multiple_objects/prompt_07
2,0.1031892448663711,0.4226792454719543,multiple_objects/prompt_07
3,0.0798993855714798,0.3097047805786133,multiple_objects/prompt_07
4,0.0559771135449409,0.233866274356842,multiple_objects/prompt_07
5,0.0688470229506492,0.1806636452674865,multiple_objects/prompt_07
6,0.054403867572546,0.1653138101100921,multiple_objects/prompt_07
7,0.0542020015418529,0.1238678693771362,multiple_objects/prompt_07
8,0.0460800863802433,0.1148963496088981,multiple_objects/prompt_07
9,0.0855152606964111,0.1539183259010315,multiple_objects/prompt_07
10,0.0457199588418006,0.1116123646497726,multiple_objects/prompt_07
11,0.0543672777712345,0.0851637050509452,multiple_objects/prompt_07
12,0.0455116853117942,0.0929463878273963,multiple_objects/prompt_07
13,0.0498551502823829,0.0766230076551437,multiple_objects/prompt_07
14,0.0454888343811035,0.0816974341869354,multiple_objects/prompt_07
15,0.0443915016949176,0.0630527287721633,multiple_objects/prompt_07
16,0.0505702756345272,0.0806773900985717,multiple_objects/prompt_07
17,0.0568590499460697,0.0497660711407661,multiple_objects/prompt_07
18,0.0612135976552963,0.0517983809113502,multiple_objects/prompt_07
19,0.0536879859864711,0.0643516704440116,multiple_objects/prompt_07
20,0.0612248703837394,0.0555058754980564,multiple_objects/prompt_07
21,0.0695592537522316,0.0531138405203819,multiple_objects/prompt_07
22,0.0719943717122078,0.0696367919445037,multiple_objects/prompt_07
23,0.0964235365390777,0.0524663664400577,multiple_objects/prompt_07
24,0.1050248518586158,0.0533498525619506,multiple_objects/prompt_07
25,0.1195121556520462,0.0597821809351444,multiple_objects/prompt_07
26,0.1425827443599701,0.0617914125323295,multiple_objects/prompt_07
27,0.2006195932626724,0.1064113229513168,multiple_objects/prompt_07
28,0.2475453615188598,0.1227500811219215,multiple_objects/prompt_07
29,0.3694392442703247,0.2583966255187988,multiple_objects/prompt_07
0,0.0,0.0,multiple_objects/prompt_03
1,0.3866542279720306,0.6902956366539001,multiple_objects/prompt_03
2,0.1023240759968757,0.4786035418510437,multiple_objects/prompt_03
3,0.0784937962889671,0.3423996567726135,multiple_objects/prompt_03
4,0.0556493513286113,0.1860572546720504,multiple_objects/prompt_03
5,0.0685991272330284,0.1528971940279007,multiple_objects/prompt_03
6,0.0539023429155349,0.1327461004257202,multiple_objects/prompt_03
7,0.0533929504454135,0.0917361080646514,multiple_objects/prompt_03
8,0.0458292625844478,0.0899324640631675,multiple_objects/prompt_03
9,0.0855819657444953,0.1262905448675155,multiple_objects/prompt_03
10,0.0433854982256889,0.0854813382029533,multiple_objects/prompt_03
11,0.0545503199100494,0.0639900714159011,multiple_objects/prompt_03
12,0.0448128543794155,0.0772882476449012,multiple_objects/prompt_03
13,0.0496378578245639,0.0560604855418205,multiple_objects/prompt_03
14,0.0451059602200984,0.0665730684995651,multiple_objects/prompt_03
15,0.0433158986270427,0.0476018041372299,multiple_objects/prompt_03
16,0.0490563176572322,0.0667574182152748,multiple_objects/prompt_03
17,0.0570181682705879,0.0387743152678012,multiple_objects/prompt_03
18,0.0618411749601364,0.0422901250422,multiple_objects/prompt_03
19,0.0535336397588253,0.0580601766705513,multiple_objects/prompt_03
20,0.0611188076436519,0.0492152832448482,multiple_objects/prompt_03
21,0.0682199746370315,0.0458188876509666,multiple_objects/prompt_03
22,0.0703630670905113,0.0671320110559463,multiple_objects/prompt_03
23,0.094992995262146,0.0441158860921859,multiple_objects/prompt_03
24,0.1061664968729019,0.0506275221705436,multiple_objects/prompt_03
25,0.1201441138982772,0.055714014917612,multiple_objects/prompt_03
26,0.1457361280918121,0.055959764868021,multiple_objects/prompt_03
27,0.2043725401163101,0.0987501442432403,multiple_objects/prompt_03
28,0.2543873786926269,0.1161001175642013,multiple_objects/prompt_03
29,0.3830977380275726,0.2535173296928406,multiple_objects/prompt_03
0,0.0,0.0,multiple_objects/prompt_06
1,0.3887803852558136,0.7203735709190369,multiple_objects/prompt_06
2,0.104300245642662,0.4355725049972534,multiple_objects/prompt_06
3,0.0782743841409683,0.2519493699073791,multiple_objects/prompt_06
4,0.0593364872038364,0.168563425540924,multiple_objects/prompt_06
5,0.0646298229694366,0.1290197819471359,multiple_objects/prompt_06
6,0.0540289692580699,0.1427368223667144,multiple_objects/prompt_06
7,0.0540720857679843,0.1136735379695892,multiple_objects/prompt_06
8,0.0509681925177574,0.1007304713129997,multiple_objects/prompt_06
9,0.083667553961277,0.1382607072591781,multiple_objects/prompt_06
10,0.0472824536263942,0.1019450426101684,multiple_objects/prompt_06
11,0.0544277317821979,0.0630719661712646,multiple_objects/prompt_06
12,0.0464415587484836,0.0835226699709892,multiple_objects/prompt_06
13,0.0540101937949657,0.0635916665196418,multiple_objects/prompt_06
14,0.0463355928659439,0.0771757289767265,multiple_objects/prompt_06
15,0.0466915667057037,0.0528995878994464,multiple_objects/prompt_06
16,0.049072153866291,0.0694094449281692,multiple_objects/prompt_06
17,0.0536808148026466,0.0391316786408424,multiple_objects/prompt_06
18,0.0666113495826721,0.0416300781071186,multiple_objects/prompt_06
19,0.054785743355751,0.056488774716854,multiple_objects/prompt_06
20,0.064902625977993,0.0502281486988067,multiple_objects/prompt_06
21,0.0670790821313858,0.0416148044168949,multiple_objects/prompt_06
22,0.071974828839302,0.064470387995243,multiple_objects/prompt_06
23,0.0962920039892196,0.0461984537541866,multiple_objects/prompt_06
24,0.105580635368824,0.048392929136753,multiple_objects/prompt_06
25,0.1195492893457412,0.0542664006352424,multiple_objects/prompt_06
26,0.1418259292840957,0.0590743869543075,multiple_objects/prompt_06
27,0.2031139731407165,0.1049783453345298,multiple_objects/prompt_06
28,0.2491557449102401,0.1239069625735282,multiple_objects/prompt_06
29,0.3698067367076874,0.2593049705028534,multiple_objects/prompt_06
0,0.0,0.0,object_class/prompt_00
1,0.3934167623519897,0.6575214862823486,object_class/prompt_00
2,0.1073541417717933,0.3373971283435821,object_class/prompt_00
3,0.0790653601288795,0.2586060166358948,object_class/prompt_00
4,0.0591873116791248,0.2195940166711807,object_class/prompt_00
5,0.0661647915840148,0.1672264486551284,object_class/prompt_00
6,0.0546511523425579,0.1778134107589721,object_class/prompt_00
7,0.0541222095489501,0.1361773461103439,object_class/prompt_00
8,0.0503888241946697,0.1174710392951965,object_class/prompt_00
9,0.0839408859610557,0.1595968902111053,object_class/prompt_00
10,0.0449675396084785,0.1154499426484108,object_class/prompt_00
11,0.0545435659587383,0.0808945074677467,object_class/prompt_00
12,0.0472407825291156,0.096927560865879,object_class/prompt_00
13,0.0536967739462852,0.0774145647883415,object_class/prompt_00
14,0.0461140759289264,0.0874636843800544,object_class/prompt_00
15,0.046418260782957,0.0643424168229103,object_class/prompt_00
16,0.0489749796688556,0.0806280374526977,object_class/prompt_00
17,0.0523027777671813,0.050596684217453,object_class/prompt_00
18,0.0663439929485321,0.0544553846120834,object_class/prompt_00
19,0.0525978095829486,0.0665625035762786,object_class/prompt_00
20,0.064007855951786,0.0567218177020549,object_class/prompt_00
21,0.0665824338793754,0.0512069314718246,object_class/prompt_00
22,0.0698865503072738,0.0706293433904647,object_class/prompt_00
23,0.0944700092077255,0.0479241423308849,object_class/prompt_00
24,0.1032759323716163,0.0503663271665573,object_class/prompt_00
25,0.1201156601309776,0.0511470101773738,object_class/prompt_00
26,0.1432712078094482,0.0572611317038536,object_class/prompt_00
27,0.2063916623592376,0.0944917201995849,object_class/prompt_00
28,0.2567488849163055,0.1126519665122032,object_class/prompt_00
29,0.3830261528491974,0.2455291599035263,object_class/prompt_00
0,0.0,0.0,object_class/prompt_05
1,0.3931615054607391,0.6111366152763367,object_class/prompt_05
2,0.101732462644577,0.3812028169631958,object_class/prompt_05
3,0.0782301872968673,0.285880446434021,object_class/prompt_05
4,0.0594201758503913,0.2492128908634185,object_class/prompt_05
5,0.0611031875014305,0.18863545358181,object_class/prompt_05
6,0.0558014027774333,0.1792901754379272,object_class/prompt_05
7,0.0534998401999473,0.1341425776481628,object_class/prompt_05
8,0.050441563129425,0.1209485307335853,object_class/prompt_05
9,0.084893874824047,0.16150464117527,object_class/prompt_05
10,0.0453077740967273,0.1207917779684066,object_class/prompt_05
11,0.0501879341900348,0.0917285829782486,object_class/prompt_05
12,0.0459576100111007,0.1032402217388153,object_class/prompt_05
13,0.0532215051352977,0.0855698212981224,object_class/prompt_05
14,0.0457905530929565,0.094489999115467,object_class/prompt_05
15,0.0498990677297115,0.0738968104124069,object_class/prompt_05
16,0.0499267280101776,0.0927445068955421,object_class/prompt_05
17,0.0572487823665142,0.063647411763668,object_class/prompt_05
18,0.0652514398097992,0.0656059980392456,object_class/prompt_05
19,0.0556345358490943,0.0799076706171035,object_class/prompt_05
20,0.0690963044762611,0.0672405734658241,object_class/prompt_05
21,0.0643253475427627,0.0635714307427406,object_class/prompt_05
22,0.0674903988838195,0.0771384537220001,object_class/prompt_05
23,0.0923091024160385,0.0575212500989437,object_class/prompt_05
24,0.0996767655014991,0.0593314915895462,object_class/prompt_05
25,0.12040326744318,0.0641253814101219,object_class/prompt_05
26,0.1406447291374206,0.0652370527386665,object_class/prompt_05
27,0.2026411592960357,0.103779025375843,object_class/prompt_05
28,0.2527164816856384,0.1152449920773506,object_class/prompt_05
29,0.3779185712337494,0.2517245709896087,object_class/prompt_05
0,0.0,0.0,object_class/prompt_01
1,0.3895313143730163,0.6263726949691772,object_class/prompt_01
2,0.1041595116257667,0.3633074760437011,object_class/prompt_01
3,0.0783389508724212,0.2580932676792145,object_class/prompt_01
4,0.0571339204907417,0.1878173351287841,object_class/prompt_01
5,0.0682494789361953,0.1711353510618209,object_class/prompt_01
6,0.0550449192523956,0.1973180770874023,object_class/prompt_01
7,0.0526204630732536,0.138469710946083,object_class/prompt_01
8,0.0462058745324611,0.1289073526859283,object_class/prompt_01
9,0.0861680060625076,0.1719716340303421,object_class/prompt_01
10,0.0433076061308383,0.1253092288970947,object_class/prompt_01
11,0.0539059042930603,0.0937439203262329,object_class/prompt_01
12,0.0448067784309387,0.1099950298666954,object_class/prompt_01
13,0.049072828143835,0.0894588455557823,object_class/prompt_01
14,0.0444745160639286,0.0985084772109985,object_class/prompt_01
15,0.0430172868072986,0.0768877938389778,object_class/prompt_01
16,0.0493173077702522,0.0925752446055412,object_class/prompt_01
17,0.0561926998198032,0.0642315968871116,object_class/prompt_01
18,0.0600079074501991,0.0652448832988739,object_class/prompt_01
19,0.0520440451800823,0.0757257044315338,object_class/prompt_01
20,0.0598473884165287,0.0662896260619163,object_class/prompt_01
21,0.0666239857673645,0.0607325285673141,object_class/prompt_01
22,0.0685314312577247,0.0796856433153152,object_class/prompt_01
23,0.0937637314200401,0.0577620081603527,object_class/prompt_01
24,0.1021346822381019,0.0569671168923378,object_class/prompt_01
25,0.116688884794712,0.0603089444339275,object_class/prompt_01
26,0.141353964805603,0.0626525729894638,object_class/prompt_01
27,0.2024776190519333,0.1017158776521682,object_class/prompt_01
28,0.2535421550273895,0.1139120236039161,object_class/prompt_01
29,0.3829739689826965,0.2490058541297912,object_class/prompt_01
0,0.0,0.0,object_class/prompt_09
1,0.3843841254711151,0.7040364742279053,object_class/prompt_09
2,0.1052947267889976,0.4360716342926025,object_class/prompt_09
3,0.0783051550388336,0.2862977683544159,object_class/prompt_09
4,0.05675595626235,0.1865008920431137,object_class/prompt_09
5,0.0729413777589798,0.1424274295568466,object_class/prompt_09
6,0.0541450902819633,0.1514113843441009,object_class/prompt_09
7,0.0542227178812027,0.1086905300617218,object_class/prompt_09
8,0.0463553443551063,0.1027088388800621,object_class/prompt_09
9,0.0851894691586494,0.1461623162031173,object_class/prompt_09
10,0.0452433712780475,0.1032496467232704,object_class/prompt_09
11,0.0611487813293933,0.0693421438336372,object_class/prompt_09
12,0.0453704595565795,0.0845175310969352,object_class/prompt_09
13,0.0502082370221614,0.0654743313789367,object_class/prompt_09
14,0.0454069375991821,0.0739796385169029,object_class/prompt_09
15,0.0444297790527343,0.0565893128514289,object_class/prompt_09
16,0.0507448762655258,0.0703887194395065,object_class/prompt_09
17,0.0548481829464435,0.0458056852221488,object_class/prompt_09
18,0.0622411295771598,0.0469319783151149,object_class/prompt_09
19,0.0539530515670776,0.0599272400140762,object_class/prompt_09
20,0.0592503137886524,0.0531130917370319,object_class/prompt_09
21,0.0740545243024826,0.0498819947242736,object_class/prompt_09
22,0.0739024654030799,0.0717278122901916,object_class/prompt_09
23,0.0967406257987022,0.0439997874200344,object_class/prompt_09
24,0.111790120601654,0.0470813475549221,object_class/prompt_09
25,0.1211394667625427,0.0457340367138385,object_class/prompt_09
26,0.1488495618104934,0.0507223829627037,object_class/prompt_09
27,0.2045077383518219,0.0940134897828102,object_class/prompt_09
28,0.2518502473831177,0.1089591905474662,object_class/prompt_09
29,0.3736833333969116,0.2446071803569793,object_class/prompt_09
0,0.0,0.0,object_class/prompt_02
1,0.3845346868038177,0.6449888944625854,object_class/prompt_02
2,0.1061348021030426,0.4278727769851684,object_class/prompt_02
3,0.0786597356200218,0.3027509450912475,object_class/prompt_02
4,0.0563857741653919,0.2215968370437622,object_class/prompt_02
5,0.074315920472145,0.1669124513864517,object_class/prompt_02
6,0.0544883497059345,0.1677571982145309,object_class/prompt_02
7,0.0544967986643314,0.1126978546380996,object_class/prompt_02
8,0.0458514131605625,0.0993226021528244,object_class/prompt_02
9,0.0797507911920547,0.1343006789684295,object_class/prompt_02
10,0.0462891906499862,0.0949324518442154,object_class/prompt_02
11,0.0606406293809413,0.0604267753660678,object_class/prompt_02
12,0.0454823970794677,0.0795012488961219,object_class/prompt_02
13,0.0501857809722423,0.0598483718931674,object_class/prompt_02
14,0.0450023524463176,0.0721547305583953,object_class/prompt_02
15,0.043923296034336,0.0544218868017196,object_class/prompt_02
16,0.0506857484579086,0.0685147792100906,object_class/prompt_02
17,0.0501110851764678,0.0421754606068134,object_class/prompt_02
18,0.0635206997394561,0.0458997674286365,object_class/prompt_02
19,0.0521563068032264,0.0571108758449554,object_class/prompt_02
20,0.0606493540108203,0.0532148852944374,object_class/prompt_02
21,0.0706479400396347,0.0452714003622531,object_class/prompt_02
22,0.0720007494091987,0.0702933967113494,object_class/prompt_02
23,0.0929501950740814,0.0458592139184474,object_class/prompt_02
24,0.1115190982818603,0.0478888377547264,object_class/prompt_02
25,0.1181692034006118,0.0484048314392566,object_class/prompt_02
26,0.1455420851707458,0.0531982108950614,object_class/prompt_02
27,0.205793410539627,0.0950048565864563,object_class/prompt_02
28,0.2545536160469055,0.1108002364635467,object_class/prompt_02
29,0.3784978985786438,0.2462450861930847,object_class/prompt_02
0,0.0,0.0,object_class/prompt_08
1,0.3861952126026153,0.6145015954971313,object_class/prompt_08
2,0.1012847572565078,0.3570348620414734,object_class/prompt_08
3,0.0774227529764175,0.2454612851142883,object_class/prompt_08
4,0.0595806874334812,0.1460551917552948,object_class/prompt_08
5,0.0644498541951179,0.1001645773649215,object_class/prompt_08
6,0.0529973320662975,0.1149144768714904,object_class/prompt_08
7,0.0534534491598606,0.0786088109016418,object_class/prompt_08
8,0.0507045574486255,0.0697559416294097,object_class/prompt_08
9,0.0851081684231758,0.1180044412612915,object_class/prompt_08
10,0.0455038584768772,0.0809382051229476,object_class/prompt_08
11,0.0546255595982074,0.0529620423913002,object_class/prompt_08
12,0.0461777560412883,0.0750800520181655,object_class/prompt_08
13,0.0529666505753994,0.055716048926115,object_class/prompt_08
14,0.0463032387197017,0.0708035826683044,object_class/prompt_08
15,0.0473681353032588,0.0532728470861911,object_class/prompt_08
16,0.0502153076231479,0.0725580155849456,object_class/prompt_08
17,0.0535645186901092,0.0429875217378139,object_class/prompt_08
18,0.0658738315105438,0.0469930097460746,object_class/prompt_08
19,0.0568213053047657,0.0642661303281784,object_class/prompt_08
20,0.065179668366909,0.0516985617578029,object_class/prompt_08
21,0.0669249221682548,0.047793623059988,object_class/prompt_08
22,0.0741798803210258,0.0700538530945777,object_class/prompt_08
23,0.0958073958754539,0.0468477010726928,object_class/prompt_08
24,0.1048252582550048,0.0516834631562233,object_class/prompt_08
25,0.1204537898302078,0.0519883818924427,object_class/prompt_08
26,0.1439792662858963,0.0577521510422229,object_class/prompt_08
27,0.2014757543802261,0.0950719937682151,object_class/prompt_08
28,0.2475500106811523,0.1112847998738288,object_class/prompt_08
29,0.3664579689502716,0.2540573477745056,object_class/prompt_08
0,0.0,0.0,object_class/prompt_04
1,0.3902066349983215,0.5740182995796204,object_class/prompt_04
2,0.1017462685704231,0.3022159934043884,object_class/prompt_04
3,0.0785195156931877,0.2131601423025131,object_class/prompt_04
4,0.0587483197450637,0.1454615145921707,object_class/prompt_04
5,0.0639205425977706,0.1233265921473503,object_class/prompt_04
6,0.0525496825575828,0.1318082809448242,object_class/prompt_04
7,0.0548385642468929,0.1030840799212455,object_class/prompt_04
8,0.0495573990046978,0.0878060758113861,object_class/prompt_04
9,0.0822753310203552,0.1314901709556579,object_class/prompt_04
10,0.0466668903827667,0.095117263495922,object_class/prompt_04
11,0.0537079200148582,0.0604172311723232,object_class/prompt_04
12,0.0459467209875583,0.0804533213376998,object_class/prompt_04
13,0.0529356002807617,0.0620495975017547,object_class/prompt_04
14,0.0456668548285961,0.0749805495142936,object_class/prompt_04
15,0.0456725805997848,0.0539821721613407,object_class/prompt_04
16,0.0501150451600551,0.0725749880075454,object_class/prompt_04
17,0.051489669829607,0.0417764484882354,object_class/prompt_04
18,0.0654677301645279,0.0468983650207519,object_class/prompt_04
19,0.0534211136400699,0.0609041079878807,object_class/prompt_04
20,0.0642408356070518,0.0528133176267147,object_class/prompt_04
21,0.0675719082355499,0.0480380542576313,object_class/prompt_04
22,0.0700330585241317,0.0676000565290451,object_class/prompt_04
23,0.0947532057762146,0.0463503636419773,object_class/prompt_04
24,0.1016376614570617,0.0478125549852848,object_class/prompt_04
25,0.1177297383546829,0.0507724210619926,object_class/prompt_04
26,0.1414640545845031,0.0543874837458133,object_class/prompt_04
27,0.2017947137355804,0.094837449491024,object_class/prompt_04
28,0.2511613368988037,0.1112405732274055,object_class/prompt_04
29,0.3727063536643982,0.2508266866207123,object_class/prompt_04
0,0.0,0.0,object_class/prompt_07
1,0.3923432826995849,0.5842636823654175,object_class/prompt_07
2,0.1035630702972412,0.3465889692306518,object_class/prompt_07
3,0.0799378156661987,0.2625521719455719,object_class/prompt_07
4,0.0589388534426689,0.2227519303560257,object_class/prompt_07
5,0.0660933852195739,0.1915554255247116,object_class/prompt_07
6,0.0530412904918193,0.1535580605268478,object_class/prompt_07
7,0.0551335476338863,0.1197683438658714,object_class/prompt_07
8,0.0506166666746139,0.1077275350689888,object_class/prompt_07
9,0.0830170810222625,0.145498514175415,object_class/prompt_07
10,0.0461061559617519,0.1100657507777214,object_class/prompt_07
11,0.0538788251578807,0.0754265636205673,object_class/prompt_07
12,0.0456882752478122,0.0929394289851188,object_class/prompt_07
13,0.0528279170393943,0.075542539358139,object_class/prompt_07
14,0.0453557670116424,0.0875326097011566,object_class/prompt_07
15,0.0451766401529312,0.0671674832701683,object_class/prompt_07
16,0.048460952937603,0.0824237167835235,object_class/prompt_07
17,0.0516712628304958,0.0520939491689205,object_class/prompt_07
18,0.0646015107631683,0.0572152286767959,object_class/prompt_07
19,0.0532777793705463,0.070255734026432,object_class/prompt_07
20,0.063577227294445,0.0609365925192832,object_class/prompt_07
21,0.0640726760029792,0.0514364577829837,object_class/prompt_07
22,0.0701788216829299,0.0736350119113922,object_class/prompt_07
23,0.0910949110984802,0.0522105507552623,object_class/prompt_07
24,0.0997718721628189,0.0543035119771957,object_class/prompt_07
25,0.1153318583965301,0.0577200427651405,object_class/prompt_07
26,0.1382505148649215,0.0621159970760345,object_class/prompt_07
27,0.2001765221357345,0.1025170907378196,object_class/prompt_07
28,0.2520228922367096,0.119443342089653,object_class/prompt_07
29,0.3785463869571686,0.2559232413768768,object_class/prompt_07
0,0.0,0.0,object_class/prompt_03
1,0.3903147876262665,0.6328876614570618,object_class/prompt_03
2,0.1042057871818542,0.4158286154270172,object_class/prompt_03
3,0.0791988894343376,0.2974890768527984,object_class/prompt_03
4,0.0593492463231086,0.234989047050476,object_class/prompt_03
5,0.0653585866093635,0.1856662929058075,object_class/prompt_03
6,0.0538655743002891,0.1803558319807052,object_class/prompt_03
7,0.0531187206506729,0.1369788646697998,object_class/prompt_03
8,0.050437357276678,0.1241814792156219,object_class/prompt_03
9,0.0897971168160438,0.1581327468156814,object_class/prompt_03
10,0.0442536063492298,0.114466369152069,object_class/prompt_03
11,0.0545383170247077,0.0817386731505394,object_class/prompt_03
12,0.0445447899401187,0.0948499962687492,object_class/prompt_03
13,0.0529970526695251,0.0742675587534904,object_class/prompt_03
14,0.0462469942867755,0.0867403149604797,object_class/prompt_03
15,0.0443908683955669,0.0664384216070175,object_class/prompt_03
16,0.0494412891566753,0.0817169994115829,object_class/prompt_03
17,0.0589249022305011,0.0540606193244457,object_class/prompt_03
18,0.0607280917465686,0.0553924515843391,object_class/prompt_03
19,0.0518322400748729,0.066040389239788,object_class/prompt_03
20,0.062061034142971,0.0583031065762043,object_class/prompt_03
21,0.0667490884661674,0.052550945430994,object_class/prompt_03
22,0.06898033618927,0.0691539421677589,object_class/prompt_03
23,0.0883692353963851,0.0499603152275085,object_class/prompt_03
24,0.1039653494954109,0.0544512420892715,object_class/prompt_03
25,0.1174472123384475,0.0571532770991325,object_class/prompt_03
26,0.140065535902977,0.0608461312949657,object_class/prompt_03
27,0.2005191147327423,0.1011705249547958,object_class/prompt_03
28,0.2510638236999511,0.1181367039680481,object_class/prompt_03
29,0.373954564332962,0.2520450353622436,object_class/prompt_03
0,0.0,0.0,object_class/prompt_06
1,0.3798131942749023,0.5742200016975403,object_class/prompt_06
2,0.1038957387208938,0.3526200652122497,object_class/prompt_06
3,0.078396551311016,0.2657136917114258,object_class/prompt_06
4,0.0561330802738666,0.1960542500019073,object_class/prompt_06
5,0.0722174048423767,0.1539594382047653,object_class/prompt_06
6,0.0542967990040779,0.1764955371618271,object_class/prompt_06
7,0.0496543571352958,0.1355468481779098,object_class/prompt_06
8,0.0487616583704948,0.1187451481819152,object_class/prompt_06
9,0.0871092081069946,0.1572836339473724,object_class/prompt_06
10,0.0419955588877201,0.1142653226852417,object_class/prompt_06
11,0.0598936900496482,0.0815696343779563,object_class/prompt_06
12,0.045113805681467,0.1001189947128295,object_class/prompt_06
13,0.0487732253968715,0.0832014009356498,object_class/prompt_06
14,0.0434852130711078,0.095395490527153,object_class/prompt_06
15,0.0428759939968586,0.0813856646418571,object_class/prompt_06
16,0.0498200915753841,0.0908346250653266,object_class/prompt_06
17,0.0503826029598712,0.0654728040099144,object_class/prompt_06
18,0.0623194202780723,0.0656750500202179,object_class/prompt_06
19,0.0512640625238418,0.073392629623413,object_class/prompt_06
20,0.0581269636750221,0.0685287937521934,object_class/prompt_06
21,0.0682481676340103,0.0584426410496234,object_class/prompt_06
22,0.0729393512010574,0.0839070826768875,object_class/prompt_06
23,0.0951369702816009,0.0596349909901618,object_class/prompt_06
24,0.1029483824968338,0.0571661219000816,object_class/prompt_06
25,0.1133327335119247,0.0610042959451675,object_class/prompt_06
26,0.140316754579544,0.0633557513356208,object_class/prompt_06
27,0.1972845643758773,0.1027564033865928,object_class/prompt_06
28,0.2503418922424316,0.1137357801198959,object_class/prompt_06
29,0.379377543926239,0.2488775700330734,object_class/prompt_06
